news_title,news_link,news_img_links
"Diego Maradonas doctor not in charge of football legends home care in final days, says lawyer",https://news.google.com/./articles/CAIiEIRlcEt7vmGruTbFcR9xk-EqFwgEKg8IACoHCAow5v6PATDrwA8wvuge?hl=en-IN&gl=IN&ceid=IN%3Aen,https://lh3.googleusercontent.com/dOxDKrA3mrmn2AvboTj2jl8RS8dHgiUy0rEGt89MTb7wFAX1e5I9YLwTmEquPh8KZNLNgeICttM55Ga6LhU8=-p-df-h100-w100-rw
'They all want to do a Sancho' - Why German football is the new hotbed for English talent,https://news.google.com/./articles/CBMidmh0dHBzOi8vd3d3LmdvYWwuY29tL2VuLWluL25ld3MvdGhleS1hbGwtd2FudC10by1kby1hLXNhbmNoby13aHktZ2VybWFuLWZvb3RiYWxsLWlzLXRoZS1uZXcvMWxjdnppc3NvMGt1bTFhMnppbXh3ajZlYXXSAXpodHRwczovL3d3dy5nb2FsLmNvbS9lbi1pbi9hbXAvbmV3cy90aGV5LWFsbC13YW50LXRvLWRvLWEtc2FuY2hvLXdoeS1nZXJtYW4tZm9vdGJhbGwtaXMtdGhlLW5ldy8xbGN2emlzc28wa3VtMWEyemlteHdqNmVhdQ?hl=en-IN&gl=IN&ceid=IN%3Aen,https://lh3.googleusercontent.com/proxy/b06neT48z-qwUn71tpaWNXBiGX7584ytCGcF9j_1nOOBnY6cqOsOjfDAFQvvfVkXA2bvG6rcNjDz_Greed2XLRqvPTxtH3EK1VQBT4ROOx2mtpW7TnWXeYPpic1QXW-Qc2bho9IsGhiUSyV6b5XflmLvEJW0LCWvvJijNK1PkokefA-MVVLZHgW0D8tytCprbLmdFZhtA4ifmcU8nRQt0dNeaU66cBIE7umDziY3l8QE=-p-df-h100-w100-rw
Kodagu FC players get football lifeline,https://news.google.com/./articles/CAIiEJYTpBKW7pfTqr4yrZiru64qGQgEKhAIACoHCAowzrL9CjDC7vQCMICT1wU?hl=en-IN&gl=IN&ceid=IN%3Aen,https://lh3.googleusercontent.com/WO1IfEcsiiC-SXn0mr-R48mh9IZZWXkbUtIlqeGXQq4fqSMkswZOjTMI296wgTnSOqC-KKPyPbg2qTLRTg0=-p-df-h100-w100-rw
Euro 2020: Switzerland beat France on penalties to reach last eight,https://news.google.com/./articles/CAIiEFvQg8qj3jOg44n3MuZNQ1MqGQgEKhAIACoHCAowzrL9CjDC7vQCMK2y1gU?hl=en-IN&gl=IN&ceid=IN%3Aen,https://lh3.googleusercontent.com/5Eb48hoAMqfT2MyK_Eq6diM_JYh7jOY9_dItcWBqdxGfaVJs5GygCnQmSac_thhKoL-gmY5f7STaY4xgCcs=-p-df-h100-w100-rw
"One goalkeeping gaffe, two games and 14 goals – Euro 2020 Football Daily",https://news.google.com/./articles/CBMieGh0dHBzOi8vd3d3LnRoZWd1YXJkaWFuLmNvbS9mb290YmFsbC9hdWRpby8yMDIxL2p1bi8yOS9ldXJvLTIwMjAtZm9vdGJhbGwtZGFpbHktcG9kY2FzdC1mcmFuY2Utc3dpdHplcmxhbmQtc3BhaW4tY3JvYXRpYdIBAA?hl=en-IN&gl=IN&ceid=IN%3Aen,https://lh6.googleusercontent.com/proxy/3HEmQgwq4QWOUKtlvig-FsnpJJIQk_KlqtdCpQv4-XDpnBEbN-H3tjuv1s_3SP2GBZOYjRx5sBGn4rJM-UhMxSWX8wzd-aO_FXugHRTXioVnboapshNMim47wyfXh3mLAhST-o1Y30h6LLboPLyT7J34Ux3s6RVwo3VVziHgehAU_u91TJYdSuqpZsf_paCXQ9kXLmlW0fxDh7buJPUudgaDgvi5Tati1pm5B_r3wy4--r2T-EJ76OnphhevlttoPzSX6e7l-Hzh3nx7fVntLOHlzvcfQzcTgMISzP4lBBq5jMStklH1zEoUN4Z-s1HciyvKFxWu-V4T1fFuHJSY7pGqGBzFD-ElXiZI-Ib60vWdCDHd4cUtDbG_ksA_rNM2RHhOOA068mi4g8C8WpuDWsCL2R0kehSqtYgLMJJ02ac96hjf7le38JAa_MfZugcTCQ3xRmbq__ME1AY=-p-df-h100-w100-rw
"Thank you, football: Reactions after Spain, Croatia, Switzerland, France light up Euro 2020",https://news.google.com/./articles/CBMidWh0dHBzOi8vc2Nyb2xsLmluL2ZpZWxkLzk5ODc2Ni90aGFuay15b3UtZm9vdGJhbGwtcmVhY3Rpb25zLWFmdGVyLXNwYWluLWNyb2F0aWEtc3dpdHplcmxhbmQtZnJhbmNlLWxpZ2h0LXVwLWV1cm8tMjAyMNIBeWh0dHBzOi8vYW1wLnNjcm9sbC5pbi9maWVsZC85OTg3NjYvdGhhbmsteW91LWZvb3RiYWxsLXJlYWN0aW9ucy1hZnRlci1zcGFpbi1jcm9hdGlhLXN3aXR6ZXJsYW5kLWZyYW5jZS1saWdodC11cC1ldXJvLTIwMjA?hl=en-IN&gl=IN&ceid=IN%3Aen,https://lh5.googleusercontent.com/proxy/yASkqY2V7uI2n3UslhFFvyXMVKSk-DvcqTs-m3kOi_RhQIA-cE79FZqnENIHPfRdmYVZidJspxXBA1uu7_8wthZlO9NxNRACFqPiY-L_RweIfj8LFLBH7vGgZmQuXFc2L9q2PDfIQ0uNP5hDptnc=-p-df-h100-w100-rw
"Dreams crushed, earnings lost as India’s football Mecca falls silent",https://news.google.com/./articles/CAIiEKm4bejEuuu7DetdOWxaiIUqGQgEKhAIACoHCAowzrL9CjDC7vQCMKCT1wU?hl=en-IN&gl=IN&ceid=IN%3Aen,https://lh3.googleusercontent.com/ek7P0WqNS8R1vLCzaJRLo4Sp7K99faND1yhZ2bZCfJTeh6Zv6iVmaq9U1uYdwHbgX560w9GtB1nKk32g3jY=-p-df-h100-w100-rw
England’s one-sided football rivalry with Germany loses its bite,https://news.google.com/./articles/CAIiELhJpyJaZQqBNMitsxj6PEkqFwgEKg8IACoHCAow-4fWBzD4z0gwgtt6?uo=CAUiP2h0dHBzOi8vd3d3LmZ0LmNvbS9jb250ZW50LzQ5NWRjMDAwLWNjMTQtNDQ3NS04NWU0LTdjNWNkMmRkMzQyNdIBAA&hl=en-IN&gl=IN&ceid=IN%3Aen,https://lh5.googleusercontent.com/proxy/GoMD5bEaGCmqCVXsEUwYwKwLdwuSfD5dZmK5JI89s1M0VmVn4gq13mUUDHq-AAkP5Bul4ettYuYfGhwaFpYk0VcM7ZI7qcbzPxHVQJXGo0mjdL9aBkbCSCF49KzXZWIjpRgDE_W0f710jeW6S6DWcwDhto4=-p-df-h100-w100-rw
Football Beyond Borders – a photo essay by Sebastian Barros,https://news.google.com/./articles/CAIiEDvWiv_R0-p97EykqbtEGIgqFggEKg4IACoGCAowl6p7MN-zCTCOvRU?hl=en-IN&gl=IN&ceid=IN%3Aen,https://lh3.googleusercontent.com/GtS__zxw9RRctPlAkquE7BN3iq6BWjHiCJTeIJr5RBDBteDE9gGVYioe-LvR_wT0UXSXK_GB2NzwtQ2TmQc=-p-df-h100-w100-rw
FSU Football: Top 5 most important defensive players for 2021,https://news.google.com/./articles/CAIiEMhKpSTV5EBtvjl-uEeqMYoqGQgEKhAIACoHCAowoNiVCzCo-qwDMKCz6wY?hl=en-IN&gl=IN&ceid=IN%3Aen,https://lh3.googleusercontent.com/InQlmprzHRbn7tnH8MMICTF-NOdTe6VgYzlt-f8jNVqu0EcagrV40ko1sj-_RcBt3OkluGU4Zl7s6jduHg=-p-df-h100-w100-rw
Texas A&M Football: Electric top-100 WR prospect has Aggies in top six,https://news.google.com/./articles/CAIiEOhsdEFnAEGyQz2Co8zNUaMqGQgEKhAIACoHCAow29eVCzDj-awDMPmU6wY?hl=en-IN&gl=IN&ceid=IN%3Aen,https://lh3.googleusercontent.com/5OP89HtpmcHEdH61u1s7eAG0DMuodCpJcciwgzNK9a39g6xpLmU_NkEqQhwzgHorZ9gVpAeVydd0bwodrrA=-p-df-h100-w100-rw
Olympics 2020: When do the football tournaments start & which teams have qualified?,https://news.google.com/./articles/CBMicGh0dHBzOi8vd3d3LmdvYWwuY29tL2VuL25ld3Mvb2x5bXBpY3MtMjAyMC13aGVuLWZvb3RiYWxsLXRvdXJuYW1lbnRzLXN0YXJ0LXdoaWNoLXRlYW1zL3NlbWs4YXJ1YjRzdTE3M3k0ZWhraDJudm_SAXRodHRwczovL3d3dy5nb2FsLmNvbS9lbi9hbXAvbmV3cy9vbHltcGljcy0yMDIwLXdoZW4tZm9vdGJhbGwtdG91cm5hbWVudHMtc3RhcnQtd2hpY2gtdGVhbXMvc2VtazhhcnViNHN1MTczeTRlaGtoMm52bw?hl=en-IN&gl=IN&ceid=IN%3Aen,https://lh6.googleusercontent.com/proxy/so_qwnq5iNRm3-rrnvikfcCSqqT56W7_Zhp12vSttV-QWpOIwHlP9fsJZ4FFrOG_xRy9aekcjtHacZjun8HwBWSjUdlkAN1nAk7KBVB0nUhHAI7cNWmUUDXr7daJs4-HK9t-JP6_7a1i0R_IshwCrQP8eyGqG8FISRpe3zA2IB3pFLwibLPln0oifrth-wT-rRsUVy2JxO_vLyjR_RuSF5YjftVNCnOty3DCusBpVMFSawd2zoly6CYRiS2Ew0yUOpioZA=-p-df-h100-w100-rw
"Euro 2020: Unai Simon taught us important lesson in football, says Spain coach Enrique",https://news.google.com/./articles/CBMijgFodHRwczovL3d3dy5hbmluZXdzLmluL25ld3Mvc3BvcnRzL2Zvb3RiYWxsL2V1cm8tMjAyMC11bmFpLXNpbW9uLXRhdWdodC11cy1pbXBvcnRhbnQtbGVzc29uLWluLWZvb3RiYWxsLXNheXMtc3BhaW4tY29hY2gtZW5yaXF1ZTIwMjEwNjI5MTE0MTM10gGUAWh0dHBzOi8vd3d3LmFuaW5ld3MuaW4vbmV3cy9zcG9ydHMvZm9vdGJhbGwvZXVyby0yMDIwLXVuYWktc2ltb24tdGF1Z2h0LXVzLWltcG9ydGFudC1sZXNzb24taW4tZm9vdGJhbGwtc2F5cy1zcGFpbi1jb2FjaC1lbnJpcXVlMjAyMTA2MjkxMTQxMzU_YW1wPTE?hl=en-IN&gl=IN&ceid=IN%3Aen,https://lh5.googleusercontent.com/proxy/0ns8JWypAj8n7AHzT4sG5H0tCxfKrBHpQNNwSC8CZsDRB8H4oVnd3qz-zm1tBw7Bl9S2Bd0vEXUOOfxwos6_Q_w5Pjh-vJyanOZe0X7Ik9B37knI7-Wamor9EvuTFVfAmqgAz80W2sfY1OD24Q=-p-df-h100-w100-rw
"“Football Is Gay,” Says Official NFL Pride Month Video Posted To Twitter",https://news.google.com/./articles/CAIiEKfBYlx5AwlGSovVsJS3UR8qFggEKg0IACoGCAowoPUEMKAjMLyu7wY?hl=en-IN&gl=IN&ceid=IN%3Aen,https://lh3.googleusercontent.com/Fe-YnMgO29pt2rivOf1UQ6LlD6ABbpX8CH5zDs8D8l1zoD8sNRMqSP_5EmwcApOQDyXKdGjiAqVLUeqqLg=-p-df-h100-w100-rw
Explained: How scrapping of away-goal rule will encourage attacking football,https://news.google.com/./articles/CAIiEChSRdFiaA6Yo2auwQ_F1GgqGAgEKg8IACoHCAow3rvTBDD89X4wwLbmBQ?uo=CAUigAFodHRwczovL2luZGlhbmV4cHJlc3MuY29tL2FydGljbGUvZXhwbGFpbmVkL2V4cGxhaW5lZC1ob3ctc2NyYXBwaW5nLW9mLWF3YXktZ29hbC1ydWxlLXdpbGwtZW5jb3VyYWdlLWF0dGFja2luZy1mb290YmFsbC03Mzc0ODEzL9IBAA&hl=en-IN&gl=IN&ceid=IN%3Aen,https://lh3.googleusercontent.com/ANt1jt9ijqRxROPBD_PVr1Iej1M_OA7nVCVZq_bnXfvV5watzVxQq1yMEApjYMqEyzs-D2cFZFJ0j27D6A=-p-df-h100-w100-rw
Cristiano Ronaldo becomes joint top-scorer in mens international football,https://news.google.com/./articles/CBMijwFodHRwczovL3d3dy5idXNpbmVzcy1zdGFuZGFyZC5jb20vYXJ0aWNsZS9zcG9ydHMvY3Jpc3RpYW5vLXJvbmFsZG8tYmVjb21lcy1qb2ludC10b3Atc2NvcmVyLWluLW1lbi1zLWludGVybmF0aW9uYWwtZm9vdGJhbGwtMTIxMDYyNDAwMTQwXzEuaHRtbNIBkwFodHRwczovL3dhcC5idXNpbmVzcy1zdGFuZGFyZC5jb20vYXJ0aWNsZS1hbXAvc3BvcnRzL2NyaXN0aWFuby1yb25hbGRvLWJlY29tZXMtam9pbnQtdG9wLXNjb3Jlci1pbi1tZW4tcy1pbnRlcm5hdGlvbmFsLWZvb3RiYWxsLTEyMTA2MjQwMDE0MF8xLmh0bWw?hl=en-IN&gl=IN&ceid=IN%3Aen,https://lh5.googleusercontent.com/proxy/RP52SkK1gq896y5Y20Kjs6GjkEFVpnmK9BA4q7eX54xTgSc1z5nuQNUIuaC2YV0-csfB49otWe4O9bCYAekK2tksfGaFRZ1aIWgwVW81OPpzisig-YqaOt6j8OqlEns1xiMUXBgAt4KA-vT-al2-VNRuv9f9z2LAOS7sW_ETARdoDgl-zkbHWWBJmOlfKwGPGTV4gcc5WuARcYs193k0yORJml2M5kF6VVe_m_DI8MBbpHA53WuMsShY4Qh5cEfxCrfO-tdatLA=-p-df-h100-w100-rw
Michigan State Football: Breaking down the Katin Houser commitment,https://news.google.com/./articles/CBMiXmh0dHBzOi8vc3BhcnRhbmF2ZW51ZS5jb20vMjAyMS8wNi8yOC9taWNoaWdhbi1zdGF0ZS1mb290YmFsbC1icmVha2luZy1rYXRpbi1ob3VzZXItY29tbWl0bWVudC_SAWJodHRwczovL3NwYXJ0YW5hdmVudWUuY29tLzIwMjEvMDYvMjgvbWljaGlnYW4tc3RhdGUtZm9vdGJhbGwtYnJlYWtpbmcta2F0aW4taG91c2VyLWNvbW1pdG1lbnQvYW1wLw?hl=en-IN&gl=IN&ceid=IN%3Aen,https://lh4.googleusercontent.com/proxy/7R6D4HfJhvZLGx9wfTHRppNTtGuX6CNpqefnTd5aHmASgVgdhxZDO1i0pD8XbnCNAmptb5imkqqP3G5N4HebAE6GRUkBNc51FhBfUIdtWNjKncmRtsvps1nu89sM5IKrEJAdbsrbcsTI0tMx=-p-df-h100-w100-rw
Drew Stevens Commits to Iowa Football | Recruiting | hawkeyenation.com,https://news.google.com/./articles/CAIiEKUn0SPExUup6sD6b0zoiksqMwgEKioIACIQnkSRtqNb56tB0ujhbWLbeyoUCAoiEJ5EkbajW-erQdLo4W1i23sw-p3yBg?hl=en-IN&gl=IN&ceid=IN%3Aen,https://lh3.googleusercontent.com/-1oq7qg0snhQb9ClHzs3O5EKtUzYuywpgnUj-Ir5dBJfYtEJQtrwGjfUTbDY7Aa1eCXiE392leAuNyuesGQ=-p-df-h100-w100-rw
Why European football clubs won’t break the bank now,https://news.google.com/./articles/CAIiEET3RrTcjT5uGpvbtn2hoi8qFwgEKg4IACoGCAowxLQ_MNevCDDnvNMF?uo=CAUidmh0dHBzOi8vd3d3LmxpdmVtaW50LmNvbS9zcG9ydHMvZm9vdGJhbGwtbmV3cy93aHktZXVyb3BlYW4tZm9vdGJhbGwtY2x1YnMtd29uLXQtYnJlYWstdGhlLWJhbmstbm93LTExNjIzODIyMzM3NDE1Lmh0bWzSAQA&hl=en-IN&gl=IN&ceid=IN%3Aen,https://lh6.googleusercontent.com/proxy/tx5BEbRjVK8_W_6yjpRPnNSmc1yU8UPw69JIwwZ-w8w2EeyL9Ei1B7Hozv6U5jwhhLDYlD6GyaOtm8Wi7Q7QeLR4s4Zq-ybfn0pITsYjjlIvOLGO0feuGtlJsadTvrt8MOrZMEJJzMmvEwjl3n_-h7IPgN7yWkGGmR02tAA_Fv5lrhwr4XaxBx-AANkSBoHnXPlsboU4ov-11ZcLfwLuLa1EPiglDQ2j1mWWioIvKIUg8MY=-p-df-h100-w100-rw
Illinois Football: Illini pick up Crystal Ball prediction for Mississippi athlete,https://news.google.com/./articles/CAIiEEir7y-dwSVLVmUgaJdaKUMqGQgEKhAIACoHCAowhOSVCzCnhq0DMODE6wY?hl=en-IN&gl=IN&ceid=IN%3Aen,https://lh3.googleusercontent.com/itfRghKxv8EPJf3WHhw5MUSoaZghmMjIoLYkuhXsuqYNj6GMTA-_c-aKMuw-oS1Yfl-48gDZ6QwJuZUCow=-p-df-h100-w100-rw
Pro Football Hall of Fame honors late John Facenda with Pete Rozelle Radio-Television Award,https://news.google.com/./articles/CBMif2h0dHBzOi8vd3d3LmVzcG4uaW4vbmZsL3N0b3J5L18vaWQvMzE3MjY4NDIvcHJvLWZvb3RiYWxsLWhhbGwtZmFtZS1ob25vcnMtbGF0ZS1qb2huLWZhY2VuZGEtcGV0ZS1yb3plbGxlLXJhZGlvLXRlbGV2aXNpb24tYXdhcmTSAYwBaHR0cHM6Ly93d3cuZXNwbi5pbi9uZmwvc3RvcnkvXy9pZC8zMTcyNjg0Mi9wcm8tZm9vdGJhbGwtaGFsbC1mYW1lLWhvbm9ycy1sYXRlLWpvaG4tZmFjZW5kYS1wZXRlLXJvemVsbGUtcmFkaW8tdGVsZXZpc2lvbi1hd2FyZD9wbGF0Zm9ybT1hbXA?hl=en-IN&gl=IN&ceid=IN%3Aen,https://lh5.googleusercontent.com/proxy/FbDL01gqqx8gxfiWsvtWT5KWfFgS9RyqMYJavXq9XGLoT7CkRcDT6n2RAOcqUGxCo8s7mSHXZMhMi_pPNOmhYi5Arv81W6tfT1aXsIcFwpcKRPveduJP51VY9lfAoxCMzUyc=-p-df-h100-w100-rw
68 Days to Purdue Football: Cam Craig,https://news.google.com/./articles/CAIiEEReZFm_H3fZwJbU4ONj-b4qGQgEKhAIACoHCAowivuECzDxhIIDMKSFhQY?hl=en-IN&gl=IN&ceid=IN%3Aen,https://lh3.googleusercontent.com/3ibL9sJ6X4fZkBxVQTy6HSplt-eVscNxtlNbPrYa0Lu6UNkPi8PlLcuC2L1VHrVNpsue4bNG9LJwLYIme5o=-p-df-h100-w100-rw
"Czech Republic vs. England - Football Match Report - June 23, 2021",https://news.google.com/./articles/CBMiM2h0dHBzOi8vd3d3LmVzcG4uaW4vZm9vdGJhbGwvcmVwb3J0L18vZ2FtZUlkLzU2MDMxM9IBAA?hl=en-IN&gl=IN&ceid=IN%3Aen,https://lh6.googleusercontent.com/proxy/aiuiaPXg2Ec3SGwnkIN0Dwgsl0qljgSrhGvH5n6lUJx8JEVabv_OKtslGJ0CEa1MQml86WlQY57TPLyo6VotkP8ZdHNVGNO_TlJR-Ff6zamS5Z9IyhajGZpz-lT9DDUdbTnwnGEVHI5khJfzO5ndGEpmZuA=-p-df-h100-w100-rw
"The greatest day ever of knockout football? Enthralling, breathless and what we all needed so much",https://news.google.com/./articles/CBMijAFodHRwczovL3RoZWF0aGxldGljLmNvbS8yNjc5MzEzLzIwMjEvMDYvMjkvdGhlLWdyZWF0ZXN0LWRheS1ldmVyLW9mLWtub2Nrb3V0LWZvb3RiYWxsLWVudGhyYWxsaW5nLWJyZWF0aGxlc3MtYW5kLXdoYXQtd2UtYWxsLW5lZWRlZC1zby1tdWNoL9IBkAFodHRwczovL3RoZWF0aGxldGljLmNvbS8yNjc5MzEzLzIwMjEvMDYvMjkvdGhlLWdyZWF0ZXN0LWRheS1ldmVyLW9mLWtub2Nrb3V0LWZvb3RiYWxsLWVudGhyYWxsaW5nLWJyZWF0aGxlc3MtYW5kLXdoYXQtd2UtYWxsLW5lZWRlZC1zby1tdWNoLz9hbXA?hl=en-IN&gl=IN&ceid=IN%3Aen,https://lh3.googleusercontent.com/proxy/7g7QNmxFQuMXPiEOX1X4nESH_wGI94mq9b7fqxHSKMVVylHn8Wv9qGfd_zzWpOTVw6DsU2Wic6GzAaGjX0RLhkKJDr_M0I0EKJfEABIKDCqMqN39HG7hL1_ZtgpHJFgYgd3WF4KJD3qJ_kCKprH3nmi0pw=-p-df-h100-w100-rw
Euro 2021: The tech startups changing football,https://news.google.com/./articles/CBMiM2h0dHBzOi8vc2lmdGVkLmV1L2FydGljbGVzL2V1cm8tMjAyMS10ZWNoLWZvb3RiYWxsL9IBAA?hl=en-IN&gl=IN&ceid=IN%3Aen,https://lh3.googleusercontent.com/proxy/xSIk6uG7M-5f1R099z4NmHGPc22XetZupezdWgONlVLARr6FWYe0KBwNxKXixG4wkjABqB4JjDKIUyKxOA_xgh1slXHIrFtXhXFzkoMLCPWq8632Ajp6f7639ZRL9SDx4Gu2-JsByJZ6aWNpmQmTb8lds29CxxK8jNa45BqC2q8GLe6o6AnHYEUYqw=-p-df-h100-w100-rw
Justice DJ and producer Gaspard Augé on his 'epic' Euro 2020 theme song,https://news.google.com/./articles/CBMiNmh0dHBzOi8vd3d3LmJiYy5jby51ay9uZXdzL2VudGVydGFpbm1lbnQtYXJ0cy01NzU3ODczONIBOmh0dHBzOi8vd3d3LmJiYy5jby51ay9uZXdzL2VudGVydGFpbm1lbnQtYXJ0cy01NzU3ODczOC5hbXA?hl=en-IN&gl=IN&ceid=IN%3Aen,https://lh4.googleusercontent.com/proxy/4hfChUhWZedJdN36Und2gDYMpxH5tN6xd-SopFk4n6uwC-jV55UEjrQZCbTWwRSivYcWH5ndomCXzGRKQg-ZlAfeOO--X4EY0SaLVhByHMWjpLjVPKbRFn-Uzxa7udWmYLwd9c0-HSBRdOS_EwXP7wj83MYiwA=-p-df-h100-w100-rw
Only two men in international football have 109 goals: Numbers from Ronaldo’s record-equalling feat,https://news.google.com/./articles/CBMigAFodHRwczovL3Njcm9sbC5pbi9maWVsZC85OTgzNTQvb25seS10d28tbWVuLWluLWludGVybmF0aW9uYWwtZm9vdGJhbGwtaGF2ZS0xMDktZ29hbHMtbnVtYmVycy1mcm9tLXJvbmFsZG9zLXJlY29yZC1lcXVhbGxpbmctZmVhdNIBhAFodHRwczovL2FtcC5zY3JvbGwuaW4vZmllbGQvOTk4MzU0L29ubHktdHdvLW1lbi1pbi1pbnRlcm5hdGlvbmFsLWZvb3RiYWxsLWhhdmUtMTA5LWdvYWxzLW51bWJlcnMtZnJvbS1yb25hbGRvcy1yZWNvcmQtZXF1YWxsaW5nLWZlYXQ?hl=en-IN&gl=IN&ceid=IN%3Aen,https://lh3.googleusercontent.com/proxy/hDGCdSN7JKGN1XXeaeWzxk7aARDkLDdJ_-kBHFTeVSK3jC9ChiUwU1eufvb0P1daChFxYjl7QwFrYeBXhTfk1msKfJ0K0K5w1uN_3OFwtwO27C8PDmlzM4DDnuRqyfZp58U52mlii9GGLK16q0iR=-p-df-h100-w100-rw
Danish demolition sees Wales wave goodbye – Euro 2020 Football Daily,https://news.google.com/./articles/CBMieWh0dHBzOi8vd3d3LnRoZWd1YXJkaWFuLmNvbS9mb290YmFsbC9hdWRpby8yMDIxL2p1bi8yNy9kYW5pc2gtZGVtb2xpdGlvbi1zZWVzLXdhbGVzLXdhdmUtZ29vZGJ5ZS1ldXJvLTIwMjAtZm9vdGJhbGwtZGFpbHnSAQA?hl=en-IN&gl=IN&ceid=IN%3Aen,https://lh4.googleusercontent.com/proxy/oMPGE9992HpbNq2BBhdNNQEj0zE6sJah7N1e2x4Wg2Lmwww07B90vxflifdNxjxEmM23xl3uJzgGh9x-5yObDVa5mXD-T2xJnYGS83aA8eGqk45YRmgP_XgRKHytfef3-jCgvhZDRTOCs0S_QkjzXx59_xVJYWUEB7WPT_9aDE_VQfNG2A2ICuPazykbtjVwL-1DWD7dy8zz8MJ5Cng5X0r65zYA7Nq3-H4Ig2tCwlyhIkVXZunjZygfu-xTIluxG-K-6ntMtqsNeOI7BJvYyjBwNueWwl0c5c35xnBDp90Eajow1JsRbYqo2rc7U8QRo_I2UFkVVtAvLRw0FLFsImDyAerXre6HxJgL5_un98-Nox73qAv95NpJVCgt7ptAbjhVxLfzvg9iSUGWoyY8UuBvsEcAZ39CM5WbGTkPt7DBUBVqZ323XKt3_2fI6-zq96mLjXf4GA8=-p-df-h100-w100-rw
‘Eriksen incident showed how football can unify the world’,https://news.google.com/./articles/CBMidGh0dHBzOi8vd3d3LnRoZWhpbmR1LmNvbS9zcG9ydC9mb290YmFsbC9lcmlrc2VuLWluY2lkZW50LXNob3dlZC1ob3ctZm9vdGJhbGwtY2FuLXVuaWZ5LXRoZS13b3JsZC9hcnRpY2xlMzQ5ODE2NzEuZWNl0gF5aHR0cHM6Ly93d3cudGhlaGluZHUuY29tL3Nwb3J0L2Zvb3RiYWxsL2VyaWtzZW4taW5jaWRlbnQtc2hvd2VkLWhvdy1mb290YmFsbC1jYW4tdW5pZnktdGhlLXdvcmxkL2FydGljbGUzNDk4MTY3MS5lY2UvYW1wLw?hl=en-IN&gl=IN&ceid=IN%3Aen,https://lh4.googleusercontent.com/proxy/oY7OKUfLvntfTzGGaEtsuEM74ITW2zomRL58SM-tEqeiUihFTp0MNpqGRVskbXHPPtyJpD6EFYW0pfjJ4kmDWwnI4US04Ak6K2wDHtrilwLXJIzCn4vTaLzAIpeKy7UvkogIM4uCxIiJKFPDv9thU6ph1ioN6Y90fqaWpIeXfWvaWb8=-p-df-h100-w100-rw
"Germany vs Hungary Highlights, Euro 2020 Football Updates: Germany through to R16 after 2-2 draw with Hungary",https://news.google.com/./articles/CAIiECB1WCeXV-0sxtyBMdNozxYqFggEKg4IACoGCAoww7k_MMevCDD4gD0?uo=CAUivwFodHRwczovL3d3dy5oaW5kdXN0YW50aW1lcy5jb20vc3BvcnRzL2Zvb3RiYWxsL2dlcm1hbnktdnMtaHVuZ2FyeS1saXZlLXNjb3JlLWV1cm8tMjAyMC1mb290YmFsbC11cGRhdGVzLWNhbi1odW5nYXJ5LWJlYXQtMjAxNC13b3JsZC1jaGFtcGlvbnMtZ2VybWFueS10by1jYXVzZS1tYWpvci11cHNldC0xMDE2MjQ0NTIwNjUxNjQuaHRtbNIBAA&hl=en-IN&gl=IN&ceid=IN%3Aen,https://lh3.googleusercontent.com/nttYBhDyb9N0pJf7J-poyEGZuS837jHdtqDgBq_v_w5Z4k7t9NqKtB8MOXmQakImKAAXiXDlEjoUw94LxSU=-p-df-h100-w100-rw
Crystal Palace: Lucien Favre wants longer break from football,https://news.google.com/./articles/CBMiK2h0dHBzOi8vd3d3LmJiYy5jb20vc3BvcnQvZm9vdGJhbGwvNTc2MDc5ODHSAS9odHRwczovL3d3dy5iYmMuY29tL3Nwb3J0L2Zvb3RiYWxsLzU3NjA3OTgxLmFtcA?hl=en-IN&gl=IN&ceid=IN%3Aen,https://lh6.googleusercontent.com/proxy/eUmvkV0nmQLjzxobvGAuxLUIOpWBrehbhxrPFxLTs6NDvEBmvwiu2FJPH1R4CfG2t22iKi3mwtMQeND2CcQ07GT56ue3Jvcq5e9WdJVSP0kNnS5JHF44yuBoHJ_WnW7vQecUySiON7tvMcE=-p-df-h100-w100-rw
"Football: Hard to please everyone with timing of super-subs, says Sweden coach",https://news.google.com/./articles/CBMib2h0dHBzOi8vd3d3LmNoYW5uZWxuZXdzYXNpYS5jb20vbmV3cy9zcG9ydC9ldXJvLTIwMjAtaGFyZC10by1wbGVhc2UtZXZlcnlvbmUtd2l0aC10aW1pbmctb2Ytc3VwZXItc3Vicy0xNTExMTc5NNIBAA?hl=en-IN&gl=IN&ceid=IN%3Aen,https://lh6.googleusercontent.com/proxy/Np5pKlBcTg5eh0t_pr56EhFORTm84d3-_slBBBdqXB4Ch2IJjkjcbPb7ZJlRD_gtY9-S7BZ4x1rl8vE5V0zWgX5DaZjH8zNBJODQ1fasOjibpcBUf7BEi7hMmNV9FolhT9Wbe7JwzFY0W0gyNFZ4efwk1oJzYvWWLpNFl0tcLlgnISVw39mBRlV2I06mIWeXOH5kgLqp6ZjoT7GrVZ3XunLWYe8H1-9ojEBEqER71_J4q96i9HsXkHk=-p-df-h100-w100-rw
Football world offers support to Eriksen after collapse during Denmark match against Finland,https://news.google.com/./articles/CBMicWh0dHBzOi8vd3d3LmdvYWwuY29tL2VuLWluL25ld3MvZm9vdGJhbGwtd29ybGQtb2ZmZXJzLXN1cHBvcnQtdG8tZXJpa3Nlbi1hZnRlci1jb2xsYXBzZS9mM3NjYjNwb3dtdHIxazNoeGE0cTFkNDM50gF1aHR0cHM6Ly93d3cuZ29hbC5jb20vZW4taW4vYW1wL25ld3MvZm9vdGJhbGwtd29ybGQtb2ZmZXJzLXN1cHBvcnQtdG8tZXJpa3Nlbi1hZnRlci1jb2xsYXBzZS9mM3NjYjNwb3dtdHIxazNoeGE0cTFkNDM5?hl=en-IN&gl=IN&ceid=IN%3Aen,https://lh6.googleusercontent.com/proxy/NJ_0tQsCw5dZO2emOF_8kEUptOhyC-YooZWQbTj-CLNEJaZeqAGsSKy1lsX9wrDA1teYtovB76DdVM0BA-7agZRtKcwwB5fV1u8w7yTMYL25rK62jPJxZzo0BcQ-3eVOW1D-M63eDj1Bj7KyggRuuFLD8rXn_bdfW1D_6vAK4BHUk4M_kjaKWGxDK4jqXHk6o27B3Wd-75pMjuLtt3_hrGnzLYQvdBKeJVTW=-p-df-h100-w100-rw
Lovebirds Disha Patani and Tiger Shroff chill on the football field; enjoy the game,https://news.google.com/./articles/CBMinQFodHRwczovL3Bob3RvZ2FsbGVyeS5pbmRpYXRpbWVzLmNvbS9ldmVudHMvbXVtYmFpL2xvdmViaXJkcy1kaXNoYS1wYXRhbmktYW5kLXRpZ2VyLXNocm9mZi1jaGlsbC1vbi10aGUtZm9vdGJhbGwtZmllbGQtZW5qb3ktdGhlLWdhbWUvYXJ0aWNsZXNob3cvODM5MjQ3MDAuY21z0gGhAWh0dHBzOi8vbS5waG90b3MudGltZXNvZmluZGlhLmNvbS9ldmVudHMvbXVtYmFpL2xvdmViaXJkcy1kaXNoYS1wYXRhbmktYW5kLXRpZ2VyLXNocm9mZi1jaGlsbC1vbi10aGUtZm9vdGJhbGwtZmllbGQtZW5qb3ktdGhlLWdhbWUvYW1wX2V0YXJ0aWNsZXNob3cvODM5MjQ3MDAuY21z?hl=en-IN&gl=IN&ceid=IN%3Aen,https://lh3.googleusercontent.com/proxy/lF5wBClodf1CdMYRwCcnY6DCKW6yjHl8ljxDJJwSxBSI0TukFGCztiuTG3TruTcIS7Ca9gp3Hyic-3k3CoqlJa7K8rDBoE0=-p-df-h100-w100-rw
Marina Granovskaia has already identified Chelsea's £35m Erling Haaland transfer alternative,https://news.google.com/./articles/CAIiEGgSPqPZoxkAU8uJDJm4rBkqGQgEKhAIACoHCAowl9_8CjDwsIkDMODougU?hl=en-IN&gl=IN&ceid=IN%3Aen,https://lh6.googleusercontent.com/proxy/zQ5VUpEDZbwitFOhux30b7LCy2ZtZWB9HepEdi7UN_6bALeUalOyWulIi9bfgIcSY9qaXQc0lhJ1x33K5GrpwAABCBFeBLaJyAqhp60lOy1xmS5p80h7-D-T6KndLU_sxaG0Tvjy_ZKcZ2kkKXMRqvf6Q34jWdu0GhD5ymRHqAlmwt9tCRwHbJ-C3DAqkR8Y3NOHVzHh=-p-df-h100-w100-rw
'Annihilated' – how the French papers reacted to their Euro 2020 exit,https://news.google.com/./articles/CBMiaWh0dHBzOi8vd3d3LnRlbGVncmFwaC5jby51ay9ldXJvLTIwMjEvMjAyMS8wNi8yOS93b29kc3RvY2stZm9vdGJhbGwtZnJlbmNoLXBhcGVycy1yZWFjdGVkLWV1cm8tMjAyMC1leGl0L9IBbWh0dHBzOi8vd3d3LnRlbGVncmFwaC5jby51ay9ldXJvLTIwMjEvMjAyMS8wNi8yOS93b29kc3RvY2stZm9vdGJhbGwtZnJlbmNoLXBhcGVycy1yZWFjdGVkLWV1cm8tMjAyMC1leGl0L2FtcC8?hl=en-IN&gl=IN&ceid=IN%3Aen,https://lh6.googleusercontent.com/proxy/jLW9KVn-3HkmVulZKc4AV76yerp9t1V9aKD5gcHgFfFHM9R9jpb0o2uYmhjFDSPJuMgcIcq_-YB8Rtqh3ebSgd7QRD-s1H3OyW_OFFaks_D1QPBZsX47hEoLKQykIOOhTWR12Qb-RnHRaBdz7hbnOhHUklAcd-XQSYaZOm5nYDHFS0oQ534G8f3SLQh4N0u73GtaGXkikCByMWFLxeWndo5WyxsnPmJDeTK3uP8=-p-df-h100-w100-rw
Penn State Football QB Sean Clifford looks like he’s on a mission,https://news.google.com/./articles/CBMiUGh0dHBzOi8vdmljdG9yeWJlbGxyaW5ncy5jb20vMjAyMS8wNi8yOC9wZW5uLXN0YXRlLWZvb3RiYWxsLXNlYW4tY2xpZmZvcmQtdmlkZW8v0gFUaHR0cHM6Ly92aWN0b3J5YmVsbHJpbmdzLmNvbS8yMDIxLzA2LzI4L3Blbm4tc3RhdGUtZm9vdGJhbGwtc2Vhbi1jbGlmZm9yZC12aWRlby9hbXAv?hl=en-IN&gl=IN&ceid=IN%3Aen,https://lh6.googleusercontent.com/proxy/b_PxBYsndgXruq_MlrIRAz29jJx02AIKejzSWuCln5l0_6N8f1sDrVdGiptcH_nt_thW-AAXjU49_fOdlVV4eV-HCFpblE3kRNBxuqKRncPRnq03-2JZPBhGKYj3QPTUAk33zZGkgQH7vvcedg=-p-df-h100-w100-rw
Eto'o backs Mbappe to follow Messi as football's 'God' & expects new contract for Barcelona icon,https://news.google.com/./articles/CBMibGh0dHBzOi8vd3d3LmdvYWwuY29tL2VuLWluL25ld3MvZXRvby1tYmFwcGUtbWVzc2ktZm9vdGJhbGwtZ29kLWNvbnRyYWN0LWJhcmNlbG9uYS8xcHB4ZjVxMWYzYjk3MTZjYmh4OHIxYXFnbNIBcGh0dHBzOi8vd3d3LmdvYWwuY29tL2VuLWluL2FtcC9uZXdzL2V0b28tbWJhcHBlLW1lc3NpLWZvb3RiYWxsLWdvZC1jb250cmFjdC1iYXJjZWxvbmEvMXBweGY1cTFmM2I5NzE2Y2JoeDhyMWFxZ2w?hl=en-IN&gl=IN&ceid=IN%3Aen,https://lh3.googleusercontent.com/proxy/B_PqsAenzvnLJBinf5QITEafYJY6LHkZzT2aE7iyZhy9jn-4s0Y04ISGL1apxJ-liNj6ZKl2d6W5q_roxW2NTVLk2jcQqY34RRYG9SLrFgM4pao513ceAh_--TzqqH5_PWkxA02zE80n5_JG1Ukyu3i5KGHNNuZ4lNUwknrXTFgAbQq4KaCL7FYccUVD3C_w1cQ4u0f-azuHtpIam1egWlE8EjhcgSb2bsOuSnccIWnE2g=-p-df-h100-w100-rw
Auburn Football: 4-star calls Auburn visit “a unique experience”,https://news.google.com/./articles/CAIiECQLPp6pBXZ-4oYQSQh7l0cqGQgEKhAIACoHCAow862JCzDEiJsDMKfGoAY?hl=en-IN&gl=IN&ceid=IN%3Aen,https://lh3.googleusercontent.com/fKuZZ-wf-Ar5ksWcG9Zaq3FB__UL1XAT-t8e6kwuhfIkcUbWLwadlzAElDkNaRVIpZP9HwV2gv_1xXDcBziH=-p-df-h100-w100-rw
Euro 2020: 'Embarrassing! They gave up!' - Could the Netherlands have done better after red card?,https://news.google.com/./articles/CBMiogFodHRwczovL3d3dy5ldXJvc3BvcnQuY29tL2Zvb3RiYWxsL2V1cm8tMjAyMC8yMDIxL2V1cm8tMjAyMC1lbWJhcnJhc3NpbmctdGhleS1nYXZlLXVwLWNvdWxkLXRoZS1uZXRoZXJsYW5kcy1oYXZlLWRvbmUtYmV0dGVyLWFmdGVyLXJlZC1jYXJkX3ZpZDE0OTcyNDMvdmlkZW8uc2h0bWzSAQA?hl=en-IN&gl=IN&ceid=IN%3Aen,https://lh4.googleusercontent.com/proxy/nqexA77hNTaCAttlip815bksowvnKdz3QTeGfieuRvg2yAMc4DtlqL7vwXznY7bvmTU_qiZtFLlUqokwrXttupJnxk0OcdaZkylGs0fOtBRpcJYNn4UKC-1M_PQ=-p-df-h100-w100-rw
"India vs Afghanistan, FIFA 2022 World Cup Qualifier Live Streaming: When and where to watch",https://news.google.com/./articles/CAIiEER0dNp6gvdEinHBxr94v_8qGAgEKg8IACoHCAow3rvTBDD89X4woLbmBQ?uo=CAUikwFodHRwczovL2luZGlhbmV4cHJlc3MuY29tL2FydGljbGUvc3BvcnRzL2Zvb3RiYWxsL2luZGlhLXZzLWFmZ2hhbmlzdGFuLWZpZmEtMjAyMi13b3JsZC1jdXAtcXVhbGlmaWVyLWxpdmUtc3RyZWFtaW5nLWRhdGUtdGltZS1pc3QtdGVsZWNhc3QtNzM1ODgyMS_SAQA&hl=en-IN&gl=IN&ceid=IN%3Aen,https://lh3.googleusercontent.com/LYlieCeyOTrvfXkAwabejzMYeuzeImGAfAUfta9s-94J5KfQhPdhf1Z6-rBJ1BbXYVfR8yCjUeVYs5mUWw=-p-df-h100-w100-rw
Sunday's football championship results and reports,https://news.google.com/./articles/CBMiaWh0dHBzOi8vd3d3LnJ0ZS5pZS9zcG9ydC9mb290YmFsbC8yMDIxLzA2MjcvMTIzMTU5Ni1zdW5kYXlzLWZvb3RiYWxsLWNoYW1waW9uc2hpcC11cGRhdGVzLWRvd24tdi1kb25lZ2FsL9IBH2h0dHBzOi8vYW1wLnJ0ZS5pZS9hbXAvMTIzMTU5Ni8?hl=en-IN&gl=IN&ceid=IN%3Aen,https://lh6.googleusercontent.com/proxy/vgjDVEW3bt0gPPHbpKmpiRwzz9HKxjd3nbHzm4OSG0G98BI3naCgMWQygh2Oo4OkvBwOvu0PS8kIA4ESTq84GCM=-p-df-h100-w100-rw
3-star 2022 TE RJ Maryland Commits to Boston College Football,https://news.google.com/./articles/CAIiEC9lr_zWKgsnre3-KhDPBkEqGQgEKhAIACoHCAowjNGFCzCO9YIDMPGmiAY?hl=en-IN&gl=IN&ceid=IN%3Aen,https://lh3.googleusercontent.com/4gUVh_nm8ZZgzyz29NL7xlFIG88mUj68kZKMUKSlsuSKtwB3scj68u1EPPRbCqi1QOp7pyfv758NIdRBcQ=-p-df-h100-w100-rw
Patrick Vieira gives verdict on Renato Sanches amid Arsenal transfer links,https://news.google.com/./articles/CAIiEJtCuj_o4chj3hsNYBjWnqsqGQgEKhAIACoHCAowl9_8CjDwsIkDMNqe0AU?hl=en-IN&gl=IN&ceid=IN%3Aen,https://lh3.googleusercontent.com/eV4wLEQdtzwHFO3i9MWl6Sywi2zPyFlwqbQgVCZiqp7SLnuk45uCmfgsDhgc6qsogqWqgqL4g2Z32lG51A=-p-df-h100-w100-rw
Three reasons why international football still matters,https://news.google.com/./articles/CAIiELafEkIGIk8oxpuMx92UHkYqGQgEKhAIACoHCAowyqiECzCx3YADMNrlgQY?hl=en-IN&gl=IN&ceid=IN%3Aen,https://lh3.googleusercontent.com/2esYgsuyCyofM2bgtVBmaVvxI45Jre45hBhjDYtib74YqegQWxi32MmS8cgIjaDcKb9wsmIGpGBwrYg8nC8=-p-df-h100-w100-rw
"Five years following severe floods, Herbert Hoover football remains a pillar in Elkview",https://news.google.com/./articles/CBMiemh0dHBzOi8vd3ZtZXRyb25ld3MuY29tLzIwMjEvMDYvMjgvZml2ZS15ZWFycy1mb2xsb3dpbmctc2V2ZXJlLWZsb29kcy1oZXJiZXJ0LWhvb3Zlci1mb290YmFsbC1yZW1haW5zLWEtcGlsbGFyLWluLWVsa3ZpZXcv0gEA?hl=en-IN&gl=IN&ceid=IN%3Aen,https://lh6.googleusercontent.com/proxy/K65_Hfz6tQfrbbCiDdxo38FwQj8R4QIbybUui-8rgpF-RvzAjvJyN0MKsCtufhUWHpq1cfSbY9m5lkb6jPA8eYSzHxa77aOJ5csb2A9eCoLXRlMbj8w=-p-df-h100-w100-rw
Pro Football Camp offers scholarships | North Springs Edition | gazette.com,https://news.google.com/./articles/CBMif2h0dHBzOi8vZ2F6ZXR0ZS5jb20vbm9ydGhzcHJpbmdzZWRpdGlvbi9wcm8tZm9vdGJhbGwtY2FtcC1vZmZlcnMtc2Nob2xhcnNoaXBzL2FydGljbGVfYTE5YjFmZDQtZDRmZC0xMWViLTgyMDAtYTM1N2NlNjcwZGQwLmh0bWzSAQA?hl=en-IN&gl=IN&ceid=IN%3Aen,https://lh5.googleusercontent.com/proxy/-ZkPBvhKXKdUeI6mpFaxLmUakvg3dZwAmZ4qMv6FkoKjxJ9eIi2oSva_FuEG8pSGYDuX_DchoIkE7KrHxy511yNj-d5F1mwpxB0fkQkQsWTJxYn6QY1xn435qY5STtWnaSeU9ykIBVT8V129MeL9_zZ5xmXXZMXQyXulxJa4y63qKpQJaUHHh73AgPGD17LGJKDa5debzADzkFv3l6aIcSryjBY06ibJuXXZ5DOZqsxq_1Su4NeOZQ_uxNKBel-jJNa5alDZYOvgikHygRC6CNfH7UUpvd-RcP0WyYrA5cC2QDLwS0ivgTah7Gw8U9pHjnot_EFehdg=-p-df-h100-w100-rw
Euro 2020: Google Doodle marks the start of UEFA European Football Championship,https://news.google.com/./articles/CAIiEJ-xH1UX-VtboSgpTngCxsMqFwgEKg4IACoGCAowxLQ_MNevCDDnvNMF?uo=CAUikAFodHRwczovL3d3dy5saXZlbWludC5jb20vc3BvcnRzL2Zvb3RiYWxsLW5ld3MvZXVyby0yMDIwLWdvb2dsZS1kb29kbGUtbWFya3MtdGhlLXN0YXJ0LW9mLXVlZmEtZXVyb3BlYW4tZm9vdGJhbGwtY2hhbXBpb25zaGlwLTExNjIzMzkwODIxMDI2Lmh0bWzSAQA&hl=en-IN&gl=IN&ceid=IN%3Aen,https://lh4.googleusercontent.com/proxy/HbFOaNwD0FAG1LmV4FRTyDyxqt4GxrQLhp1EwzgF1P5DAGVY6-w3yttnA8o8FIjw9OVu4IjxQUfKToScgvE__ieYIauRzcXfardQavlaRgXWiuQPp1yRbOWA9kEYDh8_7hortLjRosnN7kmqgdpdHaI475Dt=-p-df-h100-w100-rw
'England's one-sided football rivalry with Germany has lost its bite',https://news.google.com/./articles/CBMicGh0dHBzOi8vd3d3LnRoZXdlZWsuY28udWsvbmV3cy9vcGluaW9uLzk1MzMxNC9lbmdsYW5kcy1vbmUtc2lkZWQtZm9vdGJhbGwtcml2YWxyeS13aXRoLWdlcm1hbnktaGFzLWxvc3QtaXRzLWJpdGXSAQA?hl=en-IN&gl=IN&ceid=IN%3Aen,https://lh5.googleusercontent.com/proxy/ihhDqAeyWT-lBDSYVdWXyUaD2peV2vin8v0faSAWtXdRjFMDQRBEPpnzQsE_gZMb9IG_Pig2OIwSLXpkSG2g0GplVIElEvSxXuBrZ39EiZKOopOCups3rWww-6f5swzrOl5wqPMq8nTqIbOCdWS7Uevo_BAQD37meecKYHpwL90I02d_eWHytOrremTwMfcORFOQTilJMulKk62j46zNgPHng5DhMh3b6HjyTReQyTC-CpAc5mKhZJz-L8peCg=-p-df-h100-w100-rw
Sam Allardyce has missed the point over Rafa Benitez' brand of football ahead of Everton arrival,https://news.google.com/./articles/CAIiECh4JfUvAXoQXhZQSclGbVgqGQgEKhAIACoHCAowz-iiCTCXnLgCMOXUtwU?uo=CAUicGh0dHBzOi8vd3d3LmxpdmVycG9vbGVjaG8uY28udWsvc3BvcnQvZm9vdGJhbGwvZm9vdGJhbGwtbmV3cy9hbGxhcmR5Y2Utd3JvbmctYmVuaXRlei1leHBhbnNpdmUtZm9vdGJhbGwtMjA5MjAzMjDSAQA&hl=en-IN&gl=IN&ceid=IN%3Aen,https://lh3.googleusercontent.com/U6e3ECTYe-N5og2pRNovRFcwd4h8ftceQ0L5PeF1s4LD9fgRrB739z2Scki8or8QG4DKq_sBMJA1aozp0GU=-p-df-h100-w100-rw
Denzel Dumfries: From Aruba and amateur football to starring for the Netherlands,https://news.google.com/./articles/CBMiLWh0dHBzOi8vd3d3LmJiYy5jby51ay9zcG9ydC9mb290YmFsbC81NzU0NjQ3MtIBL2h0dHBzOi8vd3d3LmJiYy5jb20vc3BvcnQvZm9vdGJhbGwvNTc1NDY0NzIuYW1w?hl=en-IN&gl=IN&ceid=IN%3Aen,https://lh3.googleusercontent.com/proxy/g-tYFKTt3bhKzeWmxIE12mFnSNhp8XShq7CyWWspPhAbsToB3etlK7XFTT9Pq0TLsbAT9fQxyKFpyoLdN3_PKc6T0JbJXNkKCQt3lpKwyz9HEYyvinglQG0zxFg9aZEKjMmh2_j_5d1R-0fqMDkkRvOJ3oFtxIIXCkNLmxx7T4eg=-p-df-h100-w100-rw
Dramatic end to Group F as England get Germany - Euro 2020 Football Daily,https://news.google.com/./articles/CBMifmh0dHBzOi8vd3d3LnRoZWd1YXJkaWFuLmNvbS9mb290YmFsbC9hdWRpby8yMDIxL2p1bi8yNC9kcmFtYXRpYy1lbmQtdG8tZ3JvdXAtZi1hcy1lbmdsYW5kLWdldC1nZXJtYW55LWV1cm8tMjAyMC1mb290YmFsbC1kYWlsedIBAA?hl=en-IN&gl=IN&ceid=IN%3Aen,https://lh5.googleusercontent.com/proxy/8nfYfO5hRY-yFRN2tB0Q4v1CzCsEh3k8HP4hbTRKPZWh3JQJ1voGhqJWLIKUSqVosQJEIx-FO7ijOUT3VHmXgdAr3f8gV5ZaandtYGEQ7Ev0Uzv9n2Qsz0JFdFxr7w12A_kpHE_aFx9FxZfMwtxXl8IqSrq666LKHf3cNmAN6R4wp8NAagnG9UNn7ToUWVUii__K68gRvi71qMDQXvlRq86UcCkVzQ4cc3_6dyldNWITzKju4Lz98VXF1cyxPa0idoZ-iqDWeJgF_NeBW1ndq4qmEWwjG_N0ussQN2EdrD7zn-EF67oz1O4LvT-P1_8PZTlgSf18yPTe35keRnd89kZvQdpRe9Msq0sGeM4ll169ro6ni0U2ioKk7M9Z4aBuJ59X7rkAGM00rtvYwdCD-tzs4vLsd7AvHqXyfR4cX3_XuzhFiuO1CDmaNXUjbYhH__eKlbSZSzQ=-p-df-h100-w100-rw
People who understand football know there's no comparison between me and Messi: Chhetri,https://news.google.com/./articles/CAIiEKkvjQOcyJzEJv3hy5FmUjsqGQgEKhAIACoHCAowzrL9CjDC7vQCMICT1wU?hl=en-IN&gl=IN&ceid=IN%3Aen,https://lh3.googleusercontent.com/110nL9ktVV-POgQqnxuv8giJpvhQgZoZy8QKbSjLojMz6O-otJ4u17iLxM6vKN-u0oKq8VIeEfa4Iti0HunX=-p-df-h100-w100-rw
Euro 2020: Cristiano Ronaldo becomes joint all-time international top-scorer,https://news.google.com/./articles/CAIiEAAWFuN4njwLy4QtVFinBBsqFggEKg4IACoGCAoww7k_MMevCDD4gD0?uo=CAUijgFodHRwczovL3d3dy5oaW5kdXN0YW50aW1lcy5jb20vc3BvcnRzL2Zvb3RiYWxsL2V1cm8tMjAyMC1jcmlzdGlhbm8tcm9uYWxkby1iZWNvbWVzLWpvaW50LWFsbC10aW1lLWludGVybmF0aW9uYWwtdG9wc2NvcmVyLTEwMTYyNDQ4MjQyMzg1My5odG1s0gEA&hl=en-IN&gl=IN&ceid=IN%3Aen,https://lh3.googleusercontent.com/ObURG7A00TuuoxMXWucwP7pANgDTRw3jhuXi-eHPsGTiLo3e7gJEd95E01eXkbVJsZ5hrk7u5FdBq1XTwRcS=-p-df-h100-w100-rw
"Part French, part Swiss village divided by today's Euro football match",https://news.google.com/./articles/CBMicWh0dHBzOi8vd3d3LmNvbm5leGlvbmZyYW5jZS5jb20vRnJlbmNoLW5ld3MvUGFydC1GcmVuY2gtcGFydC1Td2lzcy12aWxsYWdlLWRpdmlkZWQtYnktdG9kYXktcy1FdXJvLWZvb3RiYWxsLW1hdGNo0gEA?hl=en-IN&gl=IN&ceid=IN%3Aen,https://lh3.googleusercontent.com/proxy/5mOI3pXLM1Kw41kzlfKg9UJ7Lfr8bjp915CwWLWeEsgWCWoNNG0CSvPQUOE_Cx1YFCwi6UoNrJ0QYVdCKl-f4sCgccq4XIVhFHJFnhdbi7j-DZFTa1mpJJdwet7MJfsF0czFqPY8vi14mmLohxhsF-o1NrNlaOBMDR0yw2U3wZu_R1krRLxKLRbSX7BsaQTqXah3Ui4zzwxOoydZeN4fRAu8jI2-DSeV9pAXL4y_p0IgfSYTjVY_sI8i-pEvNLNdWk_VZtw0PHinJm0P=-p-df-h100-w100-rw
Rochdale football fan completes run to all 92 league grounds,https://news.google.com/./articles/CBMiOWh0dHBzOi8vd3d3LmJiYy5jby51ay9uZXdzL3VrLWVuZ2xhbmQtbWFuY2hlc3Rlci01NzYzNjM4NtIBPWh0dHBzOi8vd3d3LmJiYy5jby51ay9uZXdzL3VrLWVuZ2xhbmQtbWFuY2hlc3Rlci01NzYzNjM4Ni5hbXA?hl=en-IN&gl=IN&ceid=IN%3Aen,https://lh4.googleusercontent.com/proxy/5HpP0b1sFO7A5yk5NcWHDBuwhwh_fNvBQ1o0hJoMeoLnzYIzRr_G61yMPDj2Z6gbSsEpnvTuWQe3L94iDvXD_f6N--UV2JvdF1nXWNNVeqFZjujwV0XwXfNU0c1IdcsQ0DO7LltqqjOpgPWvkw=-p-df-h100-w100-rw
Kentucky football chief of staff Dan Berezowitz arrested on fourth-degree assault charge,https://news.google.com/./articles/CAIiENxEB_oR3i64GTIrku10MpAqGQgEKhAIACoHCAow1_z_CjDjpIsDMOf14gU?hl=en-IN&gl=IN&ceid=IN%3Aen,https://lh4.googleusercontent.com/proxy/vx-pT_YLiU8dW-tgZG5LzwhfxyazG3FsnkxUamFG5RV1psTr-L0n6TGokZGesH59qX4twcnNEj7xuQzFK-D2oW_tugpbzKiOxS7eSiiLvaI6Ncuc5nZChtCuheL4zUnNkBgb1d1qbbgeL5_G1tzhzdMZpjDz0A_rb6SAYvmRIcJrAqoDcAFvD8T2c0CfTtnblUNXlVcSjMSIDJQIjrathJDgfAxlR4R1Mdjq40g5NaY__pk1jsANO2xQO1yVHGHGQs2hHNjoNBi9-WZ93h99AeVsVZWIrnt0GMC0cac610PVaQUYDVYF1k9HByeHi8w=-p-df-h100-w100-rw
Belgium to meet Italy after pipping Portugal – Euro 2020 Football Daily,https://news.google.com/./articles/CBMifGh0dHBzOi8vd3d3LnRoZWd1YXJkaWFuLmNvbS9mb290YmFsbC9hdWRpby8yMDIxL2p1bi8yNy9iZWxnaXVtLXRvLW1lZXQtaXRhbHktYWZ0ZXItcGlwcGluZy1wb3J0dWdhbC1ldXJvLTIwMjAtZm9vdGJhbGwtZGFpbHnSAQA?hl=en-IN&gl=IN&ceid=IN%3Aen,https://lh3.googleusercontent.com/proxy/sAncUv2FTfza73uY_dsGuk03hlllR3CILxqh2r8zTzVKXd3rlQp7ssJTMZ9lRA92iuIAajLRfNn3wD2SDomKz_wb2zAYb1m9blxiueus_Jnbr-K5kdz5aFHZ2qm6nZhiiaY_3qB2QJypEk45ahvq0lefAbGC3yH95lL2jS5H2wOZBq5CuGjQpHbarUyhGim8a6Fy4YWL4R1iboEjm_EGBOGPKzkltL8TBqBV_YpJlrYpXtdDzZdJLru_OKJbklW3KC-_vBv1Akn_fKqIm9-lzQAAppvPkODSBFUy7SlZA7KkOrhbpRiQt8Rq_5u_xa0tbFgiHtPBeuZcWC3EQOeYlK-vlUnZWmQSn9G8e4licR8U_CwYntRQ-rvFUK8z7OU65FJJN4GTZNjwJ3fmq4wVuJoBD5jNTvoKr-o6FDef8FI9M2RudxWT-zZEcflgZ2urqIfRKNjtacGZ=-p-df-h100-w100-rw
Lake Dallas football coach Michael Young becomes Little Elm athletic director,https://news.google.com/./articles/CBMikAFodHRwczovL3d3dy5kYWxsYXNuZXdzLmNvbS9oaWdoLXNjaG9vbC1zcG9ydHMvZm9vdGJhbGwvMjAyMS8wNi8yOC9sYWtlLWRhbGxhcy1mb290YmFsbC1jb2FjaC1taWNoYWVsLXlvdW5nLWJlY29tZXMtbGl0dGxlLWVsbS1hdGhsZXRpYy1kaXJlY3Rvci_SAZ8BaHR0cHM6Ly93d3cuZGFsbGFzbmV3cy5jb20vaGlnaC1zY2hvb2wtc3BvcnRzL2Zvb3RiYWxsLzIwMjEvMDYvMjgvbGFrZS1kYWxsYXMtZm9vdGJhbGwtY29hY2gtbWljaGFlbC15b3VuZy1iZWNvbWVzLWxpdHRsZS1lbG0tYXRobGV0aWMtZGlyZWN0b3IvP291dHB1dFR5cGU9YW1w?hl=en-IN&gl=IN&ceid=IN%3Aen,https://lh6.googleusercontent.com/proxy/REw_6wXcBT81TeJMMY2evgDFPeerJE_v4BsMFU0xAFXwwunVc0hDxTsLZ3ZM_uwYhQ-x2FgOZY7kIP918Z5Uwdwdm5Os2DMOI_xAPJzCtGLhjyTjKE22S3v2Vaad-zg-bhMD3awZoMhLIzn2HoR8Gya9KJkIQ0BpVhZH25z7EpAuQv_SLERXIxuAej3074Av3oIht7Q91mzdS6GTL1Va4g4c5j1n_nv4QpX20cxMcBKN37_w-q1e4cXxANSr-O09qFlY6-vi2ViLghbbMxHp409WO8-929rXjFDsBBHwL296O2sXOcIhVQ=-p-df-h100-w100-rw
WVU football lands transfer linebacker,https://news.google.com/./articles/CBMiW2h0dHBzOi8vd3d3Lndib3kuY29tL2dvbGRhbmRibHVlbmF0aW9uL3d2dS1mb290YmFsbC93dnUtZm9vdGJhbGwtbGFuZHMtdHJhbnNmZXItbGluZWJhY2tlci_SAV9odHRwczovL3d3dy53Ym95LmNvbS9nb2xkYW5kYmx1ZW5hdGlvbi93dnUtZm9vdGJhbGwvd3Z1LWZvb3RiYWxsLWxhbmRzLXRyYW5zZmVyLWxpbmViYWNrZXIvYW1wLw?hl=en-IN&gl=IN&ceid=IN%3Aen,https://lh5.googleusercontent.com/proxy/6RckXgwgS79XTIWIK5_7-dAwqFjRG17CVpQD1JF0PUhtTTrvP5xE_XEswF3hln8xUG6WKwihfrD_Q3mTIBbAm8ui6niAfTimyLwmpzF16nFFX2r0sH44Wenga-ccc4gJJ1e0aXC2O395S6PdQoh9XDUJEamv=-p-df-h100-w100-rw
"India vs Bangladesh, FIFA WCQ Highlights: Chhetri guides India to a 2-0 victory",https://news.google.com/./articles/CAIiEEv9SLb1qPoCXQehK_hWXm4qGAgEKg8IACoHCAow3rvTBDD89X4woLbmBQ?uo=CAUif2h0dHBzOi8vaW5kaWFuZXhwcmVzcy5jb20vYXJ0aWNsZS9zcG9ydHMvZm9vdGJhbGwvaW5kaWEtdnMtYmFuZ2xhZGVzaC1maWZhLTIwMjItd29ybGQtY3VwLXF1YWxpZmllci1saXZlLXNjb3JlLXVwZGF0ZXMtNzM0ODA4NS_SAQA&hl=en-IN&gl=IN&ceid=IN%3Aen,https://lh3.googleusercontent.com/T8TH5Lmql1p-vUUIOVl2ZuYkV91LEU2S_WBfuYfrqf0wlpWmOXn6L0ntZNdeGfy7rq6PqvRo4gKV5lF70ho=-p-df-h100-w100-rw
EURO 2020 | Italy to kneel against Belgium despite ‘not sharing’ BLM campaign - Football Italia,https://news.google.com/./articles/CBMiZmh0dHBzOi8vZm9vdGJhbGwtaXRhbGlhLm5ldC9ldXJvLTIwMjAtaXRhbHktdG8ta25lZWwtYWdhaW5zdC1iZWxnaXVtLWRlc3BpdGUtbm90LXNoYXJpbmctYmxtLWNhbXBhaWduL9IBamh0dHBzOi8vZm9vdGJhbGwtaXRhbGlhLm5ldC9ldXJvLTIwMjAtaXRhbHktdG8ta25lZWwtYWdhaW5zdC1iZWxnaXVtLWRlc3BpdGUtbm90LXNoYXJpbmctYmxtLWNhbXBhaWduL2FtcC8?hl=en-IN&gl=IN&ceid=IN%3Aen,https://lh6.googleusercontent.com/proxy/38UTataJCzsOx8K5_uOloFptTuf8KBawEriWarBkcS1XU2s3OEc8xzhjeRY0N67yrboAUYRimBTvHMZHhBdBNlEusMzl2Bpvt55Ix7A-TfqApo6nGMLTHG-YGKrfvJAo=-p-df-h100-w100-rw
Hawkeye Football Countdown: #70 Beau Stephens,https://news.google.com/./articles/CBMid2h0dHBzOi8vd3d3LmJsYWNraGVhcnRnb2xkcGFudHMuY29tLzIwMjEvNi8yOC8yMjU1NDM3MC9pb3dhLWhhd2tleWUtZm9vdGJhbGwtY291bnRkb3duLXRvLWtpY2tvZmYtNzAtYmVhdS1zdGVwaGVucy1iaGdw0gGEAWh0dHBzOi8vd3d3LmJsYWNraGVhcnRnb2xkcGFudHMuY29tL3BsYXRmb3JtL2FtcC8yMDIxLzYvMjgvMjI1NTQzNzAvaW93YS1oYXdrZXllLWZvb3RiYWxsLWNvdW50ZG93bi10by1raWNrb2ZmLTcwLWJlYXUtc3RlcGhlbnMtYmhncA?hl=en-IN&gl=IN&ceid=IN%3Aen,https://lh6.googleusercontent.com/proxy/uIHQrL4O8mO4pQa_FSEGSvU6e7fIBvtSgBpivju5N4XbkChcJfmZTdssWEPldXLnnOI2_WzXMo2xiyJN1mbGLJnX8k1gbzGppgx0uTqWRdHQe1JKye3tUR48khpQameW4ofvRVu2ccjwx0v9aAz49jQyx7hMiudQ_1oOJFMUz-OKzVyPBHtxlyO_URAQkkr_a-WHtmx1ZCe6dzT2qLoMVvkf3g2QJX297JCOCXqZOlEWasj4aDaPRJ_ND4w=-p-df-h100-w100-rw
StoryCast '21: A football fairytale - the lower league minnows who shook up the establishment,https://news.google.com/./articles/CBMifWh0dHBzOi8vbmV3cy5za3kuY29tL3N0b3J5L3N0b3J5Y2FzdC0yMS1hLWZvb3RiYWxsLWZhaXJ5dGFsZS10aGUtbG93ZXItbGVhZ3VlLW1pbm5vd3Mtd2hvLXNob29rLXVwLXRoZS1lc3RhYmxpc2htZW50LTEyMzM3NjY00gGBAWh0dHBzOi8vbmV3cy5za3kuY29tL3N0b3J5L2FtcC9zdG9yeWNhc3QtMjEtYS1mb290YmFsbC1mYWlyeXRhbGUtdGhlLWxvd2VyLWxlYWd1ZS1taW5ub3dzLXdoby1zaG9vay11cC10aGUtZXN0YWJsaXNobWVudC0xMjMzNzY2NA?hl=en-IN&gl=IN&ceid=IN%3Aen,https://lh4.googleusercontent.com/proxy/wUxAfcXFXDsEjtG4retgT8AOt2d3ryjD8YSx13F-hnpxte2Rt6ofp4EcbvqPfboF6rSsuOolKiIHGBvwsl-lZvrCtP2VM6sIYI9lma8GscODHNsgBtt8WjPS5oJOlkXFRQ=-p-df-h100-w100-rw
Hazard's return gives Belgium a dilemma at Euro 2020,https://news.google.com/./articles/CAIiEHI0PpprSon5ZdTNDCxX8fEqFggEKg4IACoGCAoww7k_MMevCDD4gD0?uo=CAUid2h0dHBzOi8vd3d3LmhpbmR1c3RhbnRpbWVzLmNvbS9zcG9ydHMvZm9vdGJhbGwvaGF6YXJkcy1yZXR1cm4tZ2l2ZXMtYmVsZ2l1bS1hLWRpbGVtbWEtYXQtZXVyby0yMDIwLTEwMTYyNDM4NDA2NzY4OC5odG1s0gEA&hl=en-IN&gl=IN&ceid=IN%3Aen,https://lh3.googleusercontent.com/JsmAiIN-t3d2GJAClj9jFBgexaOqQFIuEbwaM59gwIDnNX9GKlbDaWmsFGdHWIKOn5wbRN5IB-pql9wlVVNE=-p-df-h100-w100-rw
Football news - 'No one is angry with him' - Didier Deschamps on Kylian Mbappe penalty miss,https://news.google.com/./articles/CAIiEGaOv4-TiocV0ASFc3I7kxgqGQgEKhAIACoHCAowur-YCzDxybADMIPd0AY?hl=en-IN&gl=IN&ceid=IN%3Aen,https://lh3.googleusercontent.com/kxxanyYzFDhmcOL-TmHFXL2mT9DU5cK_aE_7Ijfl4PvYKewJ2UM8UhJNSASqdqD9GO4Y2ryGjZ38NtEL=-p-df-h100-w100-rw
Roberto Mancini's Italy could transform international football by succeeding at Euro 2020 with an attacking game,https://news.google.com/./articles/CAIiEC5PXrt_kI-zODaeuPjNDzgqGQgEKhAIACoHCAow2LCYCzDvurADMI6l0AY?hl=en-IN&gl=IN&ceid=IN%3Aen,https://lh3.googleusercontent.com/YikSQp3WOooA2-171n0JV0eSuMja512RvUYldeC4jK_ADQS62Uq3NUzmxM6N-AZTNgMp3lXQt5VSYNxHqA=-p-df-h100-w100-rw
Ronaldo becomes joint-top scorer in men's international football with brace against France,https://news.google.com/./articles/CBMidGh0dHBzOi8vd3d3LmdvYWwuY29tL2VuLWluL25ld3Mvcm9uYWxkby1iZWNvbWVzLWpvaW50LXRvcC1zY29yZXItaW4taW50ZXJuYXRpb25hbC1mb290YmFsbC9mejdzeHptajdkMXQxdWgxeHI0aWZpN3h60gF4aHR0cHM6Ly93d3cuZ29hbC5jb20vZW4taW4vYW1wL25ld3Mvcm9uYWxkby1iZWNvbWVzLWpvaW50LXRvcC1zY29yZXItaW4taW50ZXJuYXRpb25hbC1mb290YmFsbC9mejdzeHptajdkMXQxdWgxeHI0aWZpN3h6?hl=en-IN&gl=IN&ceid=IN%3Aen,https://lh4.googleusercontent.com/proxy/Dn_F93nYiIxLo2xffGvW5EjpsW_-_b8KpsU7h-yPQzRDghXRhznDP7uZjrLR1UUIbrP9VqLLhDFF8VjKloz3bpLnoWfa901JeTF6tGVs-EmPUd88wAd49suACIRt3QvpWyHFdPxUP9H5SYOxB8VAQCXPd03BdAFiJndg2GE9jZtdTJuCnBgrIoiBa2Q6BGkdF75zMx6UVbAEvuKIRq4lHZD9jZXNOnn8M5vUWDuuDeNrh8lbGF8=-p-df-h100-w100-rw
Gareth Bale Rules Out Retirement With World Cup In Mind,https://news.google.com/./articles/CAIiEM-hZxPkaNCga60k4hgEciIqGQgEKhAIACoHCAow8ufcCjCPis8BMIXs5gU?hl=en-IN&gl=IN&ceid=IN%3Aen,https://lh3.googleusercontent.com/Q6_vk4RUH2kK5WtonjEX1PTCPhCN89qcJW7CtL7B7Q3CFH5XQUYOnpydTr3PSVwaiXjIXFPBbX5OZ-tkUI5K=-p-df-h100-w100-rw
"'Stop using cancer as a swearword', charity tells football fans - DutchNews.nl",https://news.google.com/./articles/CBMiY2h0dHBzOi8vd3d3LmR1dGNobmV3cy5ubC9uZXdzLzIwMjEvMDYvc3RvcC11c2luZy1jYW5jZXItYXMtYS1zd2VhcndvcmQtY2hhcml0eS10ZWxscy1mb290YmFsbC1mYW5zL9IBAA?hl=en-IN&gl=IN&ceid=IN%3Aen,https://lh5.googleusercontent.com/proxy/UopHfQVMq6mPnAh_--BrQrY1QL5X2bTPar7omp2d4qkzMqTXUQyh11zFNefYAGLfLSu5FS-qmceGs_4v-NT8oNYYcz_UM1vX2g_ckJMBGc1jeOpUe3kbJrgKaplKLtcpp9gIjjxEVjdtNWqNcJ8QM2m-XOA7BO-kvRk=-p-df-h100-w100-rw
EURO 2020 Fantasy Football Team of the Group Stage,https://news.google.com/./articles/CBMibWh0dHBzOi8vd3d3LnVlZmEuY29tL3VlZmFldXJvLTIwMjAvbmV3cy8wMjZhLTEyOThlYTUxMjM2MC04ZGRiOGI0ZjQ1NWItMTAwMC0tZmFudGFzeS10ZWFtLW9mLXRoZS1ncm91cC1zdGFnZS_SAQA?hl=en-IN&gl=IN&ceid=IN%3Aen,https://lh5.googleusercontent.com/proxy/d7A9WwvdSRHEl1lvj_o3PvBmQMLn8tm92mJDZwvn8m95tr4_hjIg9ggc3clwgI4ItoB1-ysRkYw1dj6npRhnYFQxemOhhgDycUh2JxUtfzLpNJnEx6l_RdZkJa7wRglwLmJ35HyRPEN07O2hlE5WdUj7j25FJ-_XqaTniMlTjFFz4ehEuBmk0QY_aYQ7v2xdDwfMPw=-p-df-h100-w100-rw
Clemson football: Tigers will have best 1-2-3 punch in college football,https://news.google.com/./articles/CAIiEEg91p31FoLaunkknb71wzQqGQgEKhAIACoHCAowu-OVCzDeha0DMKWz6wY?hl=en-IN&gl=IN&ceid=IN%3Aen,https://lh3.googleusercontent.com/2llZJXE6J8sT6L197s7fgPrSDL8aItMw4zne0HY2yOsH5wj9YTfJK1EjdtJKRoeX_4X3brd_Dx62N9Oe2d4=-p-df-h100-w100-rw
Covid: Football clubs open up for 'grab a jab' weekend,https://news.google.com/./articles/CBMiPWh0dHBzOi8vd3d3LmJiYy5jb20vbmV3cy91ay1lbmdsYW5kLWJlZHMtYnVja3MtaGVydHMtNTc2MjMyMDHSAUFodHRwczovL3d3dy5iYmMuY29tL25ld3MvdWstZW5nbGFuZC1iZWRzLWJ1Y2tzLWhlcnRzLTU3NjIzMjAxLmFtcA?hl=en-IN&gl=IN&ceid=IN%3Aen,https://lh6.googleusercontent.com/proxy/s4Ooh8HO6lwegq_EvLm2UxKLVbBhnpqG3y7Wn1p7Qj2N30Lt-rKzyCB27nrJ1xhoH0m7M6yHkH1_5rdS-s9fguQSlkTl2OcubYPqjgmeDLKWQIfVzc1IUKWwScmd0aRqmibyTxWeB4gGjo_6FP75=-p-df-h100-w100-rw
2021 Dolphins Fantasy Football Preview: Tua Tagovailoa has everything he needs to be a star,https://news.google.com/./articles/CAIiEF6oAdi2U_b5Y9UZJIcXdz0qFggEKg4IACoGCAow5tYTMODEAjDyugQ?hl=en-IN&gl=IN&ceid=IN%3Aen,https://lh3.googleusercontent.com/Zx_Ddk6RxBK0mGtPbpZWNsE7dt4xZd-_xVbRTxZ84RAzvceo51Qu1OAqUGk0nE0xAkZ-ZdnViDXvbzqS=-p-df-h100-w100-rw
"Tennessee football: Kaidon Salter addresses dismissal, transfer on Twitter",https://news.google.com/./articles/CAIiEIIW40ujiC6uwq73v7JQb2UqGQgEKhAIACoHCAow_deVCzCF-qwDMK6v6wY?hl=en-IN&gl=IN&ceid=IN%3Aen,https://lh3.googleusercontent.com/0D0IuybHRo8LC5OYa-RJtcdCFxbgokJCUw_lfxfR9DFU2b1TUKu9heEBbdEq4LgTXxWaRD1Pg4qlGlZikxw=-p-df-h100-w100-rw
"Stan Sport secures UEFA Champions League, fragments football streaming landscape",https://news.google.com/./articles/CAIiEOtKqIShy0_p5c6RD5gVKCoqGQgEKhAIACoHCAowxqmICzDg_IYDMObfmwY?uo=CAUijgFodHRwczovL3d3dy5zbWguY29tLmF1L2J1c2luZXNzL2NvbXBhbmllcy9zdGFuLXNwb3J0LXNlY3VyZXMtdWVmYS1jaGFtcGlvbnMtbGVhZ3VlLWZyYWdtZW50cy1mb290YmFsbC1zdHJlYW1pbmctbGFuZHNjYXBlLTIwMjEwNjI3LXA1ODRsNS5odG1s0gEA&hl=en-IN&gl=IN&ceid=IN%3Aen,https://lh3.googleusercontent.com/amANEzDpi7J0tJ-WSu1LWbXDPJPT8QoF9ITJ_jEXp04dDaI6cpn9auoi3Ld-_N7miuvm8PyXI-lX8b4XbA=-p-df-h100-w100-rw
"Players, fans will both suffer from too much football: Robert Lewandowski",https://news.google.com/./articles/CBMidmh0dHBzOi8vaW5kaWFuZXhwcmVzcy5jb20vYXJ0aWNsZS9zcG9ydHMvZm9vdGJhbGwvcm9iZXJ0LWxld2FuZG93c2tpLXBsYXllcnMtZmFucy10b28tbXVjaC1mb290YmFsbC1zdWZmZXJpbmctNzMzOTQ3Mi_SAXtodHRwczovL2luZGlhbmV4cHJlc3MuY29tL2FydGljbGUvc3BvcnRzL2Zvb3RiYWxsL3JvYmVydC1sZXdhbmRvd3NraS1wbGF5ZXJzLWZhbnMtdG9vLW11Y2gtZm9vdGJhbGwtc3VmZmVyaW5nLTczMzk0NzIvbGl0ZS8?hl=en-IN&gl=IN&ceid=IN%3Aen,https://lh5.googleusercontent.com/proxy/hKx1-SZqZK7GntV7zMVqsGZHnA8RjWb4-xl3Uju_DYvPXet2abo3FKkE_uKus4nB41kAFz0FJxglBKwJomU-ZYMt3BNBo9HzwkQVKzd7HptQbLEIgjoN83Ry=-p-df-h100-w100-rw
"Oregon football recruiting: Four-star linebacker TJ Dudley commits to Ducks over Alabama, UCF",https://news.google.com/./articles/CAIiEIR0L7DfDDvb0vW7CsAVbLIqFggEKg4IACoGCAow5tYTMODEAjDyugQ?hl=en-IN&gl=IN&ceid=IN%3Aen,https://lh3.googleusercontent.com/EqvRntYFyzq0kVBcS-gl8mADonVIyGr8O_-3TuNwBPQy0DwXmlnzn_wq8mrfy2YK1F-AJgPM1DR48w1RFY4=-p-df-h100-w100-rw
"Wisconsin Football: Badgers stay hot, get commitment from CB Jones",https://news.google.com/./articles/CAIiEEfrjBTjTSj4VTRJAffGevsqGQgEKhAIACoHCAowoNaVCzCo-KwDMIe96wY?hl=en-IN&gl=IN&ceid=IN%3Aen,https://lh3.googleusercontent.com/NfvfAoTdLNpxEl4bKHLrx_8MofM1mfAOJrQvN7uuwJq_zyesUy9PGPOd7pxOxS_AmV6wWfwCQHyzwLBDzaC1=-p-df-h100-w100-rw
Who are international football’s ultimate one-goal wonders?,https://news.google.com/./articles/CBMieGh0dHBzOi8vd3d3LnRoZWd1YXJkaWFuLmNvbS9mb290YmFsbC8yMDIxL2p1bi8yMy93aG8tYXJlLWludGVybmF0aW9uYWwtZm9vdGJhbGxzLXVsdGltYXRlLW9uZS1nb2FsLXdvbmRlcnMtdGhlLWtub3dsZWRnZdIBeGh0dHBzOi8vYW1wLnRoZWd1YXJkaWFuLmNvbS9mb290YmFsbC8yMDIxL2p1bi8yMy93aG8tYXJlLWludGVybmF0aW9uYWwtZm9vdGJhbGxzLXVsdGltYXRlLW9uZS1nb2FsLXdvbmRlcnMtdGhlLWtub3dsZWRnZQ?hl=en-IN&gl=IN&ceid=IN%3Aen,https://lh4.googleusercontent.com/proxy/-OCwzs9bp_QsTQqFTy1aFHlFHkWl7oq4OSOIB4XJ3C3zPCUu6JMMM3FWXzs8oqqm3U5sTn8AfwJX0f64kOMPB9QnMqHiwVfIOYj_85dZnEdMTsi8GGmfUYHD9zeMyo3NPf8UBZkFNxsQvuJOwAIaeOSa1RtPK1u9r5tPqT1M5AST8dukWiMkiejdVexdp0feVM7mjFUFksIfVLOzqA-qknhcCQsrjJrW6vWsSnrFW_ZBamkoiUSVL6-qBKS96yG2vG7yXOyOAxFi5Q_pzPXHHKcvQ1S4qq1u5v8HeH9KI2nehaRbimctPY9AV9EDTXx2oqSPPtqoGNAwEyewO5Pw86wZED8aofaZcqQqhrrEC0LF8642tMpCoMWyaS3x-t8r4quXG1RQW_vZi0YsJXs3PMgmXxARkUfLezOmfqv8776S5X8UY-MWJ7XclYwSTRLa8fTHQiEkyg=-p-df-h100-w100-rw
Godby High School football continues to focus on community and building program,https://news.google.com/./articles/CBMifmh0dHBzOi8vd3d3Lnd0eGwuY29tL3Nwb3J0cy9oaWdoLXNjaG9vbC1zcG9ydHMvZ29kYnktaGlnaC1zY2hvb2wtZm9vdGJhbGwtY29udGludWVzLXRvLWZvY3VzLW9uLWNvbW11bml0eS1hbmQtYnVpbGRpbmctcHJvZ3JhbdIBAA?hl=en-IN&gl=IN&ceid=IN%3Aen,https://lh5.googleusercontent.com/proxy/z9Y6nLLoo3zX0PEJSaSbukYK7PzjTkZ3ILeXsttRJpuck8AEd2pvIY9oUR7uo4KXoFYHd0i2dngwVoP-JYDqEvk3q4UVtsUbTpkHBLhrKLRONk3vE7XNOxgB63nR4-5wBOCK8hkE945knxyIM-LTt8YYLC8lKeBXskRJxK0CPo8fZyrnRhVjXQL8pNOlg2UJOYxm5T7VpdDzGOgxoTOyvKB8yW6a0Fe6Ja8G-P_CmQlHLPI1KxmR3RuK3JE=-p-df-h100-w100-rw
"Football World Cup qualifiers, India vs Qatar, as it happened: Battling Blue Tigers go down to Qatar",https://news.google.com/./articles/CBMifmh0dHBzOi8vc2Nyb2xsLmluL2ZpZWxkLzk5NjYwNC9mb290YmFsbC13b3JsZC1jdXAtcXVhbGlmaWVycy1pbmRpYS12cy1xYXRhci1saXZlLXVwZGF0ZXMtc3VuaWwtY2hoZXRyaS1hbmQtY28tZmFjZS11cGhpbGwtdGFza9IBggFodHRwczovL2FtcC5zY3JvbGwuaW4vZmllbGQvOTk2NjA0L2Zvb3RiYWxsLXdvcmxkLWN1cC1xdWFsaWZpZXJzLWluZGlhLXZzLXFhdGFyLWxpdmUtdXBkYXRlcy1zdW5pbC1jaGhldHJpLWFuZC1jby1mYWNlLXVwaGlsbC10YXNr?hl=en-IN&gl=IN&ceid=IN%3Aen,https://lh6.googleusercontent.com/proxy/q6hNNwDZO13YfOAbP4Lklvx-hXWIel7KNqGxB1osS26uTMnFWgL0LAu-oBX2pZNN15VvSKRclw4xIsafdUbPmtAdT1xv9asXHEY2kR_JcG2vQfbqg-g9VFaB7Z4KX2acRsoWooLnMvktDZJb4acsZQ=-p-df-h100-w100-rw
Vols Football: Kaidon Salter addresses dismissal from Tennessee,https://news.google.com/./articles/CAIiEKHO7eiChd08UMDhNcGenCYqGQgEKhAIACoHCAow3NeFCzDNgYMDMNWViAY?hl=en-IN&gl=IN&ceid=IN%3Aen,https://lh3.googleusercontent.com/rap3O7RnvsksGwHYaJKEcNYn0Rw25Dle5m088dQoJUtR4oh8PxK1wluqYrbplEb-IwhWnJ7ZQuQ-oRUGUkTO=-p-df-h100-w100-rw
Didier Deschamps is reinventing the meaning of French football,https://news.google.com/./articles/CBMidWh0dHBzOi8vd3d3LnRoZWd1YXJkaWFuLmNvbS9mb290YmFsbC8yMDIxL2p1bi8yMS9kaWRpZXItZGVzY2hhbXBzLXJlaW52ZW50ZWQtbWVhbmluZy1mcmVuY2gtZm9vdGJhbGwtZnJhbmNlLWV1cm8tMjAyMNIBdWh0dHBzOi8vYW1wLnRoZWd1YXJkaWFuLmNvbS9mb290YmFsbC8yMDIxL2p1bi8yMS9kaWRpZXItZGVzY2hhbXBzLXJlaW52ZW50ZWQtbWVhbmluZy1mcmVuY2gtZm9vdGJhbGwtZnJhbmNlLWV1cm8tMjAyMA?hl=en-IN&gl=IN&ceid=IN%3Aen,https://lh5.googleusercontent.com/proxy/C61d1-HuLMmshod-L52py-prdLgLKqfzDeg762TWKLLhBF0zoEAGQD-qEukj_n3Ig0Nq1qMXukgRY79uXL6cUUR0-lZ07NxjhEyHzARKq08K2CB1bY_CJBHCowQylfSMoxtPn3T5fM_4LA_zssNBmoMsh0baJbz4UNNc8USAfbciH_WPtO2nVDVzkA4Q8j0hJHsIvmXCPM8Oz3pYcizL7DWRGYJPvBlsdlKSWHY-mlXfbklw5ZATNznOctvdw4pxTACVHG2h5KTg0YtH6tI6QKMy_MJ--E4WZPEukhTB5dT76MUaRx5shrRLpIiWpoB3GOCh9v2WH9mCERvimOFpMRvexlMdbWDuqH5qefn4jGg3VhdBPoPWK4k3-1XlVfWXwFbseFj-PuO-kgYffSB9PZRfkrzJCj3IH0_kuSitMIyRXj5Uk1cAh4TbInSDsZzHrZLe9TE6xeUT9A=-p-df-h100-w100-rw
Nike & Marcus Rashford say 'the new land of football' is inclusive & diverse,https://news.google.com/./articles/CBMiaGh0dHBzOi8vd3d3LnRoZWRydW0uY29tL25ld3MvMjAyMS8wNi8xOC9uaWtlLW1hcmN1cy1yYXNoZm9yZC1zYXktdGhlLW5ldy1sYW5kLWZvb3RiYWxsLWluY2x1c2l2ZS1kaXZlcnNl0gEA?hl=en-IN&gl=IN&ceid=IN%3Aen,https://lh6.googleusercontent.com/proxy/5Z88zLJ7oA1N57pCALipkcr86L2pSxPAtm4Zb74gWeze_npgmsG8dHO6NIEXYVJQwtBOisfqqOQBp_N_sRxTSM5jvqNObNsJhXKtKLC14tZdT01RHxSZe280BRAnzo6GbZRUBiK19fIJs3Gb6F2Cn9i6RGBtnNqDURJzVrGTpIdrfomyyEjNor0zvA=-p-df-h100-w100-rw
"Syracuse football has 6 players on Phil Steele’s preseason All-ACC team, but no linemen",https://news.google.com/./articles/CAIiEAovIh71_ISSAH70P4ASeAMqGQgEKhAIACoHCAowvqX_CjDFtfgCMIPcpAY?hl=en-IN&gl=IN&ceid=IN%3Aen,https://lh3.googleusercontent.com/iCcCiSpqvvjMp7SeLM8E-E9E7PC-HAGDTvAdAe3J4akCVLOdixeibj8-ynyDmjaIazO6nlm4nor21-ffSA=-p-df-h100-w100-rw
"Gophers football stadium name to change to Huntington Bank Stadium, pending Regents approval",https://news.google.com/./articles/CBMigQFodHRwczovL3d3dy5zdGFydHJpYnVuZS5jb20vdGNmLWJhbmstc3RhZGl1bS1uYW1lLXRvLWNoYW5nZS10by1odW50aW5ndG9uLWJhbmstc3RhZGl1bS11bml2ZXJzaXR5LW9mLW1pbm5lc290YS1nb3BoZXJzLzYwMDA3Mjg2My_SAQA?hl=en-IN&gl=IN&ceid=IN%3Aen,https://lh5.googleusercontent.com/proxy/thT1gRW8VwNBJyboBnihaneiffRaOV0N_rR2wSjnVwD6n8wtTZJSMzauBGhy9DNN4hPo2MOxb8QIwUQAhcxbPlP3-RVPPcQ9FzNu9OV00OqWFQ5W4coi0RG0HKZAILgZ62_3R2zcK2V-=-p-df-h100-w100-rw
LIU football coach Bryan Collins resigns,https://news.google.com/./articles/CBMiXWh0dHBzOi8vd3d3Lm5ld3NkYXkuY29tL3Nwb3J0cy9jb2xsZWdlL2NvbGxlZ2UtZm9vdGJhbGwvYnJ5YW4tY29sbGlucy1saXUtZm9vdGJhbGwtMS41MDI5MTY0M9IBYWh0dHBzOi8vd3d3Lm5ld3NkYXkuY29tL2FtcC9zcG9ydHMvY29sbGVnZS9jb2xsZWdlLWZvb3RiYWxsL2JyeWFuLWNvbGxpbnMtbGl1LWZvb3RiYWxsLTEuNTAyOTE2NDM?hl=en-IN&gl=IN&ceid=IN%3Aen,https://lh3.googleusercontent.com/proxy/YgDF1wIkgYpoTIzcqZruXWkatKDJPCN-yxe-5-zS6LzYfI6UMw7-Si5nwqkpDwUY35yXe33uV2cM9cysU7oyt5ER9MnhVwEsBVPQK7OaliAzo-XpBsW8cdkHJdNfFbyG_S5USnR5FfTB1W9yb8htVMq7Kaar0KaSSAdJ4sg3dxFqDp5p8fFAuiPi2HnxdGzf2TY=-p-df-h100-w100-rw
Anonymous coach gives scouting report on Michigan football to Athlon Sports,https://news.google.com/./articles/CBMiggFodHRwczovLzI0N3Nwb3J0cy5jb20vY29sbGVnZS9taWNoaWdhbi9BcnRpY2xlL21pY2hpZ2FuLXdvbHZlcmluZXMtZm9vdGJhbGwtYXRobG9uLXNwb3J0cy1wcmV2aWV3LW1hZ2F6aW5lLWppbS1oYXJiYXVnaC0xNjcxNDMxMzMv0gGGAWh0dHBzOi8vMjQ3c3BvcnRzLmNvbS9jb2xsZWdlL21pY2hpZ2FuL0FydGljbGUvbWljaGlnYW4td29sdmVyaW5lcy1mb290YmFsbC1hdGhsb24tc3BvcnRzLXByZXZpZXctbWFnYXppbmUtamltLWhhcmJhdWdoLTE2NzE0MzEzMy9BbXAv?hl=en-IN&gl=IN&ceid=IN%3Aen,https://lh4.googleusercontent.com/proxy/B5asLtLkeKp6PHDvBhAzNDoBo754Tpr_PouR5g67xFA9OQ8e8L4U6X1ZtysQ57Bamwq-KYBzd73coXU9-oI53leQNwShEgyZ1eYFjKdwtn7wbK8gHEZeCoZoyw=-p-df-h100-w100-rw
Indian Football: How many matches have India won playing against top 60 ranked teams?,https://news.google.com/./articles/CBMidGh0dHBzOi8vd3d3LmdvYWwuY29tL2VuLWluL25ld3MvaW5kaWFuLWZvb3RiYWxsLWluZGlhLXFhdGFyLXRvcC13b3JsZC1jdXAtcXVhbGlmaWVycy0yMDIyLzFtc25kbTZwNnYwaHUxZGFyZ2RpbTk5OXUx0gF4aHR0cHM6Ly93d3cuZ29hbC5jb20vZW4taW4vYW1wL25ld3MvaW5kaWFuLWZvb3RiYWxsLWluZGlhLXFhdGFyLXRvcC13b3JsZC1jdXAtcXVhbGlmaWVycy0yMDIyLzFtc25kbTZwNnYwaHUxZGFyZ2RpbTk5OXUx?hl=en-IN&gl=IN&ceid=IN%3Aen,https://lh5.googleusercontent.com/proxy/kkMUchj67nKxt0k5x0dKSE1imBTTghwdeh3tgOgVLeIEDd5kdtyUEVdwzCvFtNmWz77jokj62_Zpj63x2PlD-uVutxfKTMdXjDMxzP_uLbDpNtlONkzKZvGmaJ9HK4oUeJlgrY2n3xcwUxbJGddHblEAcnvWiygVQmZDwCiXn2rKApw9evlTB101CASFLpR0efoHtblRI0ULNrEPoIpQpi4OGPBhVeVszOg=-p-df-h100-w100-rw
UNC Football: Tar Heels battling a top SEC program for 5-star,https://news.google.com/./articles/CAIiEPUxlow7UOZZP5ubVpDqNtwqGQgEKhAIACoHCAow9eKVCzCYha0DMLqu6wY?hl=en-IN&gl=IN&ceid=IN%3Aen,https://lh3.googleusercontent.com/Q8HnBrk1NhQM_-v_MAXEqjTS2PMOuUa7Bp4Yyax2suGotEKaHL88pIwiengqG1UTQywsN2dS46xVaGHXQFo=-p-df-h100-w100-rw
"LSU Football: Tigers are losing a starter, but it’s not a total surprise",https://news.google.com/./articles/CAIiEFUFBvdvqn6abpSgzXBRLMsqGQgEKhAIACoHCAowidiVCzCR-qwDMJe96wY?hl=en-IN&gl=IN&ceid=IN%3Aen,https://lh3.googleusercontent.com/yqNLDU7_S8d7akVq4DykMucH5ijQTnqigW7Dn7Mj3hx1xF1ngCF2lakVNgVY1_hFCULaiRLVjbPzBr6J6I8=-p-df-h100-w100-rw
Euro 2020 Austria vs North Macedonia Football Highlights: Austria 3-1 North Macedonia at Full Time,https://news.google.com/./articles/CAIiENTXKUJbwI5OYOOk_kvwynQqFwgEKg4IACoGCAoww7k_MMevCDDb8PkG?uo=CAUipgFodHRwczovL3d3dy5oaW5kdXN0YW50aW1lcy5jb20vc3BvcnRzL2Zvb3RiYWxsL2V1cm8tMjAyMC1hdXN0cmlhLXZzLW5vcnRoLW1hY2Vkb25pYS1mb290YmFsbC1saXZlLXNjb3JlLWF1c3RyaWEtdGFrZS1vbi1kZWJ1dGFudHMtbm9ydGgtbWFjZWRvbmlhLTEwMTYyMzU4NzcxNTE3MS5odG1s0gEA&hl=en-IN&gl=IN&ceid=IN%3Aen,https://lh3.googleusercontent.com/8M5FEyqM91iQ_QcDmpTDHPdSvIKyRz25HjFCGiCLNR9l6ImmY_MOk-uz9Rwjkqc29Jo8Z2h4G9SdEup7uvM=-p-df-h100-w100-rw
"Auburn football offers Colby Wooden’s brother, 3-star safety",https://news.google.com/./articles/CAIiEHFbEquJ3w33Dd1jszdqQtQqGQgEKhAIACoHCAow862JCzDEiJsDMKfGoAY?hl=en-IN&gl=IN&ceid=IN%3Aen,https://lh3.googleusercontent.com/FLEQn5jsH13s_twTSHWo8G5D7apGHmtGWX-0zsXC3_IJwa8HOpAnmoTdDAQArbj7ddCK3LVuj-DyWYtbZqo=-p-df-h100-w100-rw
"Venezuela vs. Peru - Football Match Report - June 28, 2021",https://news.google.com/./articles/CBMiM2h0dHBzOi8vd3d3LmVzcG4uaW4vZm9vdGJhbGwvcmVwb3J0L18vZ2FtZUlkLzU2MDQ5ONIBAA?hl=en-IN&gl=IN&ceid=IN%3Aen,https://lh6.googleusercontent.com/proxy/HRJw1kOk6-m51LgOAOWfCRnmqgqFXZbc5mkFcReTwdItdRdJ7ogs4zZiTQhUZj8BwDFNvWlGfmFrwpUdGh8-TQ6Lmi65qTl6B0GYBZc1OyWl9ch_QZIfUfppmXKJ8MQuOmoPT6xUg6g3CRBeiDsMmzUq000=-p-df-h100-w100-rw
Jorginho is giving Italy what Chelsea have always wanted,https://news.google.com/./articles/CAIiEN_xxxluUCwKv3M_T2AMv7wqGQgEKhAIACoHCAowl9_8CjDwsIkDMNqe0AU?hl=en-IN&gl=IN&ceid=IN%3Aen,https://lh3.googleusercontent.com/DkhDzoXuCRV447D3OvuM8YG1qTzQb7UAUN8lRrRHhkLnHSBQrAeBALLmiu8DRMtltzY7OoJW3awUJldxgD4=-p-df-h100-w100-rw
Scotland bow out as England advance in top spot – Euro 2020 Football Daily,https://news.google.com/./articles/CBMibmh0dHBzOi8vd3d3LnRoZWd1YXJkaWFuLmNvbS9mb290YmFsbC9hdWRpby8yMDIxL2p1bi8yMy9lbmdsYW5kLXNjb3RsYW5kLWN6ZWNoLWNyb2F0aWEtZXVyby0yMDIwLWZvb3RiYWxsLWRhaWx50gEA?hl=en-IN&gl=IN&ceid=IN%3Aen,https://lh3.googleusercontent.com/proxy/oGP0zAo2XCXPohsPxKmhnkd14yk88rPrQeinGcdUlRb7KkpoRsJJylVUcfaJsoMr0S7hF7JTylQPrptSES2_4aTvJW_SHo-EDYEhrLfiNyCaysVHi9U7SPJ9yVmXRw9oVcUmgnZ5ZSxyuhPAK-nV2kDzXCENiJx0hEwr3kCjFtdfcqXP9XQCC0g0dD3juQ320Ck4KuiAhwWg2Z7sQW4vDzif4oT57yGYffMvjWtYkoBnXOTBZYyzqAHPhj6ymRo7yxDpxT5TrT4WstZSNztA=-p-df-h100-w100-rw
Football world Cup qualifier: Brazil score early and late to defeat Paraguay 2-0,https://news.google.com/./articles/CBMikQFodHRwczovL3d3dy5tb25leWNvbnRyb2wuY29tL25ld3MvdHJlbmRzL3Nwb3J0cy10cmVuZHMvc29jY2VyLXdvcmxkLWN1cC1xdWFsaWZpZXItYnJhemlsLXNjb3JlLWVhcmx5LWFuZC1sYXRlLXRvLWRlZmVhdC1wYXJhZ3VheS0yLTAtNzAwNjY3MS5odG1s0gGVAWh0dHBzOi8vd3d3Lm1vbmV5Y29udHJvbC5jb20vbmV3cy90cmVuZHMvc3BvcnRzLXRyZW5kcy9zb2NjZXItd29ybGQtY3VwLXF1YWxpZmllci1icmF6aWwtc2NvcmUtZWFybHktYW5kLWxhdGUtdG8tZGVmZWF0LXBhcmFndWF5LTItMC03MDA2NjcxLmh0bWwvYW1w?hl=en-IN&gl=IN&ceid=IN%3Aen,https://lh4.googleusercontent.com/proxy/hLE8FMXa4qaO1CfTIEDwEhBitaH_nID26eyVLlHWPuDHuGLkuJExN7yMau_5wL5sDz9RDtZEOjPS3PDCmsg45330ZDvvliyqjXCjjZeuIcjzZRFdfAE4Ze_Vw6OiUDzNlxONWYhJbP4=-p-df-h100-w100-rw
Top 2024 ATH Joseph Stone visits Georgia football,https://news.google.com/./articles/CBMiWmh0dHBzOi8vdWdhd2lyZS51c2F0b2RheS5jb20vMjAyMS8wNi8yOC90b3AtMjAyNC1hdGgtam9zZXBoLXN0b25lLXZpc2l0cy1nZW9yZ2lhLWZvb3RiYWxsL9IBAA?hl=en-IN&gl=IN&ceid=IN%3Aen,https://lh5.googleusercontent.com/proxy/xC9Ru4lvNDzGZfECdYFYvcQTHGNndPEq7n42bhGmLuF4XLEwm_E5-BwAdL5IEli3ADPEN1HCiSakTOmemYByIywUktIlQUzZZR9kj_fJgLOIriq0EJuYSwgbGuMYeUgYN7Ve7EngKd_DEPjm=-p-df-h100-w100-rw
